Actual_Age,Predicted_Age,Absolute_Error
22.0,26.913792,4.9137917
26.0,18.795765,7.204235
22.0,21.295261,0.7047386
50.0,30.068161,19.931839
26.0,28.797726,2.7977257
1.0,1.1607018,0.16070175
24.0,32.794506,8.794506
28.0,41.465595,13.465595
55.0,37.917713,17.082287
45.0,37.03812,7.9618797
26.0,32.623783,6.623783
40.0,37.584286,2.4157143
3.0,6.9160995,3.9160995
24.0,27.775871,3.7758713
25.0,23.877674,1.1223259
1.0,2.0705836,1.0705836
27.0,28.545967,1.5459671
34.0,41.39174,7.391739
3.0,1.7956259,1.2043741
25.0,34.45985,9.45985
21.0,29.89883,8.89883
26.0,21.320553,4.679447
25.0,19.893234,5.1067657
35.0,46.248856,11.248856
47.0,48.53481,1.5348091
7.0,21.919693,14.919693
4.0,16.16734,12.167339
28.0,34.83226,6.83226
40.0,45.39585,5.395851
26.0,15.994552,10.005448
26.0,21.851303,4.148697
31.0,25.539764,5.4602356
46.0,52.45856,6.458561
47.0,55.47251,8.472511
40.0,23.002365,16.997635
85.0,59.026222,25.973778
47.0,27.377697,19.622303
24.0,19.980213,4.019787
24.0,27.121513,3.1215134
24.0,31.983845,7.9838448
26.0,21.653038,4.346962
14.0,16.217012,2.2170124
28.0,17.568897,10.431103
35.0,29.556835,5.443165
25.0,24.493141,0.5068588
41.0,26.705284,14.294716
28.0,19.565403,8.434597
55.0,42.414845,12.5851555
36.0,28.218262,7.7817383
24.0,9.657318,14.342682
27.0,31.078411,4.078411
42.0,32.580605,9.419395
15.0,36.25896,21.25896
50.0,39.611362,10.388638
29.0,36.82635,7.826351
26.0,29.132946,3.132946
42.0,33.742485,8.257515
21.0,28.706562,7.706562
43.0,27.239433,15.760567
22.0,30.19424,8.194241
65.0,26.048111,38.95189
1.0,1.2789922,0.27899218
23.0,30.614872,7.614872
40.0,69.354385,29.354385
24.0,18.25312,5.7468796
37.0,37.445156,0.4451561
12.0,4.176225,7.823775
78.0,66.189735,11.810265
29.0,25.451885,3.5481148
1.0,2.1829133,1.1829133
18.0,23.126144,5.1261444
35.0,38.89174,3.891739
68.0,50.934574,17.065426
27.0,25.422405,1.5775948
26.0,39.138763,13.138763
66.0,56.237904,9.762096
34.0,36.895718,2.8957176
50.0,11.443458,38.55654
37.0,34.999084,2.0009155
35.0,29.368141,5.631859
55.0,41.25294,13.747059
55.0,35.545177,19.454823
63.0,62.690052,0.30994797
1.0,1.9149551,0.91495514
26.0,27.786194,1.7861938
43.0,54.40997,11.409969
65.0,47.476295,17.523705
39.0,31.01321,7.9867897
36.0,50.49095,14.490952
12.0,16.960701,4.960701
2.0,4.066543,2.066543
26.0,19.872356,6.1276436
7.0,2.9664342,4.0335655
35.0,31.121292,3.878708
50.0,33.973713,16.026287
30.0,36.75733,6.757332
27.0,26.610641,0.38935852
35.0,44.80294,9.80294
85.0,58.506565,26.493435
26.0,28.44485,2.444851
26.0,26.462425,0.46242523
24.0,24.645737,0.6457367
24.0,26.167805,2.1678047
65.0,70.90228,5.9022827
23.0,22.440346,0.55965424
45.0,33.176067,11.823933
41.0,56.599903,15.599903
32.0,40.897938,8.897938
37.0,34.685368,2.3146324
2.0,2.1094751,0.109475136
39.0,49.717205,10.717205
51.0,46.94754,4.0524597
45.0,37.580654,7.419346
40.0,29.720577,10.279423
22.0,34.854694,12.854694
1.0,1.6394268,0.6394268
7.0,3.0481536,3.9518464
26.0,37.548946,11.548946
60.0,25.788418,34.211582
53.0,53.873806,0.873806
26.0,50.503677,24.503677
28.0,25.426292,2.5737076
31.0,41.51839,10.518391
42.0,37.922558,4.077442
6.0,19.156012,13.156012
50.0,29.073933,20.926067
35.0,44.238445,9.238445
34.0,27.045746,6.954254
8.0,6.4394073,1.5605927
58.0,38.17291,19.827091
30.0,28.156029,1.8439713
50.0,44.339878,5.660122
61.0,72.79743,11.797432
72.0,39.09982,32.90018
2.0,1.5001931,0.49980688
30.0,32.179996,2.1799965
62.0,27.353851,34.64615
19.0,25.109253,6.109253
28.0,31.849747,3.8497467
47.0,29.584328,17.415672
43.0,38.011875,4.988125
32.0,33.155262,1.155262
4.0,6.061743,2.0617428
40.0,49.591606,9.591606
20.0,25.615227,5.6152267
35.0,30.224476,4.775524
18.0,23.478367,5.478367
35.0,37.527477,2.5274773
61.0,61.245804,0.24580383
27.0,32.97302,5.9730186
36.0,34.985363,1.014637
32.0,30.094048,1.9059525
55.0,56.850746,1.8507462
38.0,66.31333,28.313332
61.0,71.64329,10.643288
26.0,27.897778,1.8977776
60.0,37.210957,22.789043
58.0,52.514095,5.4859047
25.0,28.43023,3.4302292
27.0,42.654537,15.654537
110.0,48.76087,61.23913
49.0,41.826492,7.1735077
72.0,50.749622,21.250378
34.0,32.589695,1.410305
24.0,33.007473,9.007473
35.0,28.498299,6.5017014
38.0,36.972904,1.0270958
85.0,80.0707,4.9292984
1.0,1.3885806,0.38858056
38.0,31.649746,6.350254
49.0,58.438988,9.438988
25.0,29.503391,4.5033913
1.0,2.181182,1.1811819
24.0,29.714485,5.714485
24.0,22.415909,1.5840912
40.0,24.54977,15.45023
30.0,19.567066,10.432934
85.0,66.88481,18.115189
35.0,17.791193,17.208807
28.0,26.47749,1.5225105
73.0,80.72667,7.7266693
26.0,21.669327,4.330673
26.0,21.45683,4.543171
14.0,14.450786,0.45078564
22.0,19.33335,2.6666508
30.0,19.782295,10.217705
27.0,33.296906,6.2969055
32.0,25.993015,6.0069847
20.0,22.596127,2.5961266
35.0,29.371483,5.628517
30.0,16.276642,13.723358
13.0,12.164306,0.8356943
75.0,55.97475,19.02525
26.0,25.202469,0.7975311
45.0,50.12938,5.1293793
54.0,62.58298,8.582981
1.0,1.9570318,0.95703185
2.0,12.613317,10.613317
1.0,1.8803394,0.8803394
18.0,20.626392,2.6263924
29.0,26.080383,2.9196167
10.0,12.484082,2.4840822
61.0,52.554176,8.445824
2.0,3.0426655,1.0426655
24.0,20.972515,3.027485
42.0,30.381763,11.618237
22.0,16.799116,5.200884
17.0,24.314812,7.3148117
26.0,21.967663,4.032337
3.0,15.603402,12.603402
54.0,30.305714,23.694286
68.0,63.247658,4.752342
20.0,20.471714,0.47171402
1.0,2.664492,1.6644919
60.0,65.55982,5.559822
44.0,38.919247,5.0807533
35.0,31.147396,3.852604
32.0,30.441391,1.558609
26.0,43.594677,17.594677
18.0,13.324655,4.6753454
38.0,37.884926,0.11507416
20.0,20.774956,0.77495575
65.0,54.311714,10.688286
27.0,26.723026,0.27697372
54.0,46.008526,7.991474
30.0,37.264874,7.2648735
47.0,27.620499,19.379501
23.0,29.837727,6.8377266
53.0,65.0113,12.011299
15.0,25.136791,10.136791
35.0,28.128872,6.871128
39.0,25.016953,13.9830475
23.0,21.67884,1.3211594
28.0,23.242058,4.757942
57.0,31.62915,25.37085
23.0,21.518208,1.4817924
36.0,33.585873,2.4141273
73.0,84.0962,11.096199
22.0,27.37284,5.372841
24.0,28.955692,4.9556923
57.0,26.147575,30.852425
34.0,25.07022,8.929779
63.0,54.802135,8.197865
90.0,57.508434,32.491566
40.0,31.027077,8.972923
26.0,34.65485,8.65485
60.0,59.614635,0.38536453
36.0,28.643124,7.3568764
51.0,54.22558,3.2255783
50.0,44.569477,5.430523
51.0,24.959469,26.040531
26.0,30.630203,4.6302032
2.0,4.0535088,2.0535088
16.0,28.743477,12.743477
33.0,47.051632,14.051632
85.0,54.506413,30.493587
36.0,37.658787,1.6587868
24.0,26.588047,2.588047
31.0,29.927193,1.0728073
26.0,32.86114,6.861141
71.0,63.878544,7.121456
8.0,17.282553,9.282553
36.0,34.970863,1.0291367
53.0,34.181473,18.818527
85.0,77.43299,7.567009
27.0,34.528645,7.5286446
34.0,31.032299,2.967701
4.0,2.9509914,1.0490086
21.0,34.35248,13.352482
35.0,20.488129,14.511871
61.0,51.478634,9.521366
30.0,36.960575,6.960575
76.0,14.155351,61.84465
30.0,34.168865,4.168865
49.0,44.457417,4.5425835
36.0,43.59032,7.5903206
31.0,33.682808,2.682808
47.0,40.638412,6.3615875
30.0,25.514328,4.485672
43.0,35.873425,7.1265755
30.0,40.07468,10.07468
37.0,33.060616,3.9393845
62.0,59.413647,2.5863533
26.0,31.781761,5.781761
30.0,33.907635,3.9076347
1.0,5.6650023,4.6650023
54.0,49.79955,4.200451
47.0,50.52009,3.5200882
35.0,30.926777,4.073223
50.0,35.643,14.356998
35.0,34.98337,0.016628265
2.0,5.1525135,3.1525135
30.0,32.664124,2.6641235
35.0,43.654644,8.654644
35.0,26.490108,8.5098915
85.0,84.92576,0.07424164
45.0,34.895893,10.104107
2.0,1.7045138,0.2954862
44.0,42.19029,1.8097115
50.0,64.50781,14.5078125
1.0,1.8213497,0.82134974
40.0,34.930622,5.069378
53.0,35.211475,17.788525
8.0,4.6214347,3.3785653
1.0,1.4996498,0.49964976
58.0,122.78485,64.78485
93.0,113.54261,20.54261
1.0,1.7532573,0.7532573
25.0,27.66161,2.6616096
36.0,44.732475,8.732475
30.0,19.842876,10.157124
14.0,11.64779,2.35221
28.0,27.347672,0.6523285
39.0,25.878075,13.121925
4.0,2.4969692,1.5030308
28.0,19.95356,8.04644
69.0,59.49582,9.504181
21.0,22.199501,1.199501
50.0,37.627125,12.372875
16.0,28.521095,12.521095
28.0,28.482246,0.4822464
30.0,34.869507,4.869507
30.0,48.835846,18.835846
35.0,36.29159,1.2915916
25.0,25.899227,0.89922714
18.0,24.398754,6.398754
63.0,54.052776,8.947224
26.0,29.930683,3.9306831
26.0,27.379639,1.3796387
27.0,25.62302,1.3769798
53.0,31.761108,21.238892
25.0,34.65303,9.65303
35.0,25.946629,9.053371
26.0,26.407116,0.40711594
50.0,34.899586,15.100414
1.0,2.043626,1.0436261
26.0,29.534649,3.534649
69.0,28.18174,40.81826
38.0,28.584526,9.415474
35.0,32.12858,2.8714218
27.0,28.306007,1.3060074
52.0,59.01234,7.0123405
1.0,2.586307,1.586307
1.0,4.178079,3.1780791
68.0,63.307064,4.692936
32.0,14.026972,17.973028
3.0,3.6313367,0.6313367
18.0,23.484394,5.484394
5.0,13.407559,8.407559
22.0,35.081425,13.081425
3.0,6.8715563,3.8715563
45.0,47.81178,2.811779
35.0,33.3952,1.6048012
37.0,26.02229,10.977711
2.0,-0.05684471,2.0568447
64.0,30.959404,33.040596
55.0,53.150406,1.8495941
24.0,26.445377,2.4453773
12.0,28.456375,16.456375
44.0,32.696194,11.303806
22.0,25.712059,3.712059
10.0,9.344345,0.6556549
6.0,10.16491,4.1649103
62.0,64.75195,2.7519531
1.0,1.074372,0.07437205
25.0,31.22897,6.2289696
42.0,39.37516,2.6248398
69.0,29.9016,39.0984
55.0,54.238888,0.7611122
5.0,8.096325,3.096325
30.0,35.264687,5.2646866
35.0,29.889297,5.1107025
38.0,36.811085,1.1889153
50.0,30.26992,19.73008
3.0,2.1656742,0.8343258
54.0,72.90497,18.904968
8.0,12.527329,4.5273294
34.0,26.74268,7.2573204
56.0,40.58936,15.410641
35.0,35.60871,0.60871124
29.0,95.18604,66.18604
21.0,33.24517,12.245171
27.0,27.347168,0.34716797
26.0,27.823719,1.823719
47.0,27.645863,19.354137
35.0,53.07635,18.076351
24.0,34.713528,10.713528
1.0,1.6285887,0.6285887
25.0,21.068363,3.9316368
32.0,37.583435,5.583435
32.0,26.74879,5.2512093
50.0,39.48541,10.514591
43.0,44.614536,1.6145363
36.0,32.903175,3.0968246
36.0,26.03849,9.96151
60.0,33.51442,26.48558
47.0,44.48206,2.5179405
19.0,21.416447,2.4164467
56.0,49.530888,6.4691124
38.0,28.42799,9.57201
28.0,27.238338,0.7616615
35.0,32.568,2.4319992
26.0,18.286568,7.7134323
42.0,49.57871,7.5787086
24.0,23.01902,0.9809799
23.0,27.449097,4.4490967
25.0,29.546768,4.546768
35.0,36.814747,1.8147469
6.0,8.028142,2.028142
28.0,26.103748,1.8962517
23.0,12.831577,10.168423
53.0,39.771305,13.228695
20.0,17.905891,2.0941086
27.0,23.77266,3.2273407
23.0,25.864494,2.8644943
8.0,9.961354,1.9613543
4.0,3.205784,0.7942159
20.0,29.347057,9.347057
42.0,42.990475,0.9904747
2.0,4.803425,2.8034248
65.0,42.969677,22.030323
56.0,59.108074,3.1080742
32.0,27.783363,4.2166367
32.0,52.077484,20.077484
26.0,27.833351,1.8333511
26.0,18.821419,7.178581
84.0,103.6368,19.636803
8.0,13.957198,5.957198
85.0,73.30902,11.690979
28.0,36.49357,8.493568
26.0,27.590885,1.5908852
41.0,35.838337,5.161663
68.0,45.52331,22.476688
85.0,94.604805,9.604805
26.0,33.911274,7.911274
4.0,5.9671745,1.9671745
4.0,9.10865,5.10865
48.0,46.56124,1.4387589
9.0,8.146193,0.85380745
23.0,26.992939,3.992939
35.0,41.04965,6.0496483
21.0,21.799355,0.79935455
21.0,20.469135,0.5308647
40.0,38.934868,1.0651321
9.0,5.9864874,3.0135126
3.0,2.6867552,0.31324482
38.0,29.88673,8.11327
48.0,50.99831,2.99831
20.0,29.927383,9.927383
24.0,21.826618,2.1733818
22.0,41.624084,19.624084
24.0,22.561695,1.4383049
24.0,34.128235,10.128235
26.0,23.801624,2.1983757
18.0,22.87899,4.87899
17.0,19.546993,2.5469933
35.0,38.44531,3.4453087
1.0,0.56453943,0.43546057
1.0,2.284025,1.284025
26.0,28.970608,2.9706078
45.0,49.335323,4.3353233
31.0,21.338284,9.661716
39.0,44.576817,5.5768166
55.0,42.793163,12.206837
26.0,30.629284,4.629284
7.0,8.675172,1.6751719
9.0,3.8808475,5.1191525
1.0,37.18894,36.18894
36.0,59.754,23.754002
31.0,46.407234,15.407234
26.0,18.763996,7.236004
44.0,30.645828,13.354172
2.0,5.878084,3.8780842
26.0,22.613873,3.3861275
36.0,36.448956,0.44895554
15.0,15.303782,0.30378246
28.0,34.458824,6.458824
8.0,20.291233,12.291233
51.0,54.71874,3.7187386
55.0,48.92609,6.0739098
34.0,24.52898,9.47102
17.0,18.349289,1.349289
38.0,31.077782,6.9222183
13.0,17.211315,4.211315
28.0,22.952198,5.047802
27.0,15.732385,11.267615
30.0,25.985062,4.0149384
23.0,30.717113,7.7171135
4.0,3.577651,0.42234898
44.0,48.011066,4.0110664
28.0,27.06353,0.93647003
53.0,45.781277,7.2187233
22.0,32.50654,10.506538
28.0,17.08492,10.915079
9.0,32.66594,23.66594
31.0,31.480366,0.48036575
26.0,24.390717,1.6092834
34.0,21.975243,12.024757
24.0,21.95097,2.0490303
40.0,22.474178,17.525822
61.0,46.841713,14.158287
54.0,47.09576,6.9042397
5.0,3.4385223,1.5614777
28.0,30.528946,2.528946
26.0,23.94131,2.058689
24.0,22.89183,1.1081696
60.0,60.43739,0.43738937
57.0,44.880608,12.119392
35.0,23.019741,11.980259
30.0,17.023952,12.9760475
26.0,30.833176,4.8331757
40.0,35.71877,4.281231
29.0,31.927132,2.9271317
90.0,60.34366,29.656342
55.0,36.488995,18.511005
13.0,23.298943,10.298943
30.0,27.129864,2.8701363
71.0,55.655125,15.344875
17.0,17.506393,0.50639343
30.0,34.855118,4.855118
1.0,2.1824565,1.1824565
2.0,2.1659842,0.16598415
54.0,54.189022,0.18902206
36.0,29.441093,6.5589066
16.0,16.39537,0.39537048
70.0,77.224556,7.224556
32.0,23.733315,8.2666855
1.0,1.8252631,0.82526314
32.0,37.95912,5.9591217
54.0,40.731403,13.268597
25.0,15.127114,9.872886
50.0,51.167385,1.1673851
23.0,21.80001,1.1999893
35.0,35.198017,0.19801712
27.0,31.214226,4.214226
18.0,16.799719,1.2002811
29.0,33.54361,4.5436096
1.0,1.5893778,0.58937776
9.0,15.417396,6.4173956
25.0,64.2765,39.276497
26.0,24.730282,1.2697182
89.0,63.335514,25.664486
14.0,8.58514,5.41486
26.0,14.688945,11.311055
24.0,32.41628,8.416279
40.0,17.966751,22.033249
26.0,22.106243,3.8937569
60.0,28.604477,31.395523
9.0,7.760319,1.2396808
28.0,25.331654,2.6683464
14.0,10.929644,3.0703564
24.0,25.44431,1.4443092
51.0,41.470898,9.529102
76.0,71.99714,4.002861
40.0,30.497746,9.5022545
21.0,14.300292,6.699708
26.0,28.62503,2.6250305
39.0,31.748959,7.2510414
27.0,25.90113,1.0988693
65.0,51.380337,13.619663
25.0,19.152214,5.847786
65.0,68.11485,3.114853
26.0,29.467216,3.4672165
29.0,23.20356,5.79644
27.0,35.543953,8.543953
24.0,20.212482,3.7875175
32.0,24.965809,7.034191
40.0,34.47236,5.5276413
40.0,35.657764,4.3422356
26.0,36.35339,10.35339
42.0,35.32442,6.675579
70.0,44.57852,25.421478
58.0,51.864517,6.135483
32.0,28.136662,3.8633385
29.0,26.701992,2.298008
53.0,41.67525,11.324749
15.0,41.63693,26.636929
47.0,45.38383,1.616169
25.0,15.740505,9.259495
26.0,26.128109,0.12810898
1.0,1.573514,0.573514
72.0,52.86545,19.134548
1.0,3.1559515,2.1559515
8.0,10.02518,2.0251799
33.0,27.09513,5.904869
78.0,41.59186,36.40814
20.0,24.478397,4.4783974
61.0,65.53443,4.5344315
3.0,2.2117445,0.78825545
68.0,73.640976,5.640976
21.0,27.79092,6.7909203
85.0,33.329063,51.670937
45.0,37.619915,7.380085
26.0,33.071617,7.071617
24.0,29.956135,5.956135
44.0,41.2234,2.7766
43.0,30.63958,12.36042
1.0,2.0778632,1.0778632
46.0,26.402756,19.597244
59.0,24.903507,34.096493
8.0,7.332839,0.667161
52.0,38.695866,13.304134
11.0,10.366002,0.6339979
18.0,20.606384,2.6063843
1.0,5.1583705,4.1583705
26.0,29.119572,3.1195717
63.0,49.49965,13.500351
16.0,13.843762,2.1562376
20.0,19.013378,0.98662186
26.0,24.605907,1.3940926
29.0,41.003178,12.003178
53.0,53.960056,0.9600563
40.0,34.897724,5.102276
45.0,30.162868,14.8371315
18.0,38.71729,20.717289
26.0,20.449757,5.5502434
5.0,5.3608046,0.36080456
53.0,56.277447,3.2774467
4.0,23.517124,19.517124
17.0,14.543908,2.456092
28.0,23.709087,4.2909126
46.0,39.112713,6.887287
1.0,0.9784577,0.02154231
31.0,31.432766,0.43276596
61.0,76.5964,15.596397
30.0,34.91263,4.912628
27.0,29.678581,2.6785812
1.0,14.013056,13.013056
26.0,33.935787,7.935787
26.0,14.296912,11.703088
15.0,21.722027,6.722027
45.0,53.66934,8.669338
27.0,25.842434,1.1575661
40.0,33.0777,6.9222984
1.0,1.0661855,0.066185474
1.0,2.219195,1.2191949
58.0,42.361706,15.638294
55.0,60.950073,5.9500732
30.0,32.32985,2.3298492
45.0,19.252453,25.747547
27.0,27.946503,0.9465027
32.0,41.274303,9.274303
22.0,27.079906,5.0799065
32.0,23.301235,8.698765
54.0,31.977169,22.022831
20.0,34.347878,14.3478775
40.0,41.371925,1.3719254
21.0,16.603754,4.396246
53.0,24.879044,28.120956
29.0,27.297283,1.7027168
21.0,5.0237484,15.976252
23.0,28.793285,5.7932854
43.0,25.150524,17.849476
1.0,1.2235713,0.2235713
29.0,44.346676,15.346676
33.0,36.57975,3.57975
26.0,24.38538,1.6146202
85.0,69.23981,15.760193
60.0,54.97089,5.02911
1.0,1.6545984,0.65459836
8.0,15.3962555,7.3962555
31.0,34.683033,3.683033
54.0,54.742832,0.7428322
56.0,38.308384,17.691616
56.0,46.591618,9.408382
65.0,53.798256,11.201744
45.0,33.41859,11.581409
3.0,2.7857065,0.21429348
26.0,18.956707,7.043293
24.0,36.18742,12.18742
58.0,57.370457,0.6295433
22.0,23.414318,1.4143181
18.0,22.70943,4.7094307
32.0,32.830204,0.830204
67.0,62.014835,4.9851646
4.0,4.0858974,0.085897446
54.0,47.73486,6.2651405
61.0,35.709076,25.290924
55.0,63.659084,8.659084
29.0,28.875668,0.12433243
26.0,41.305668,15.305668
28.0,22.460464,5.5395355
70.0,64.459854,5.540146
37.0,32.12313,4.876869
17.0,25.985542,8.985542
40.0,34.885166,5.114834
15.0,7.842039,7.157961
66.0,61.195057,4.804943
26.0,30.325462,4.3254623
45.0,25.242588,19.757412
10.0,13.066466,3.0664663
30.0,13.524202,16.475798
26.0,20.358181,5.641819
39.0,47.084354,8.084354
32.0,32.4752,0.47520065
43.0,42.973984,0.026016235
40.0,19.72491,20.27509
29.0,27.171902,1.8280983
25.0,27.379955,2.3799553
76.0,55.1694,20.8306
31.0,30.564526,0.4354744
21.0,22.088818,1.0888176
34.0,47.160706,13.160706
34.0,31.077244,2.9227562
35.0,45.329105,10.329105
23.0,25.452003,2.4520035
28.0,29.769325,1.7693253
53.0,47.002728,5.9972725
95.0,58.05759,36.94241
17.0,24.133617,7.1336174
45.0,39.464268,5.5357323
20.0,24.044926,4.0449257
25.0,28.393276,3.3932762
24.0,33.837822,9.837822
50.0,48.617012,1.382988
31.0,46.26427,15.264271
78.0,54.31739,23.68261
36.0,25.161285,10.838715
90.0,83.577156,6.422844
42.0,40.835773,1.1642265
48.0,40.805843,7.1941566
62.0,53.8102,8.1898
47.0,31.058651,15.941349
25.0,36.813915,11.813915
43.0,48.897297,5.897297
62.0,48.696613,13.303387
28.0,32.84505,4.845051
73.0,59.46545,13.53455
40.0,39.261482,0.73851776
47.0,39.90847,7.09153
24.0,24.647377,0.647377
4.0,8.652489,4.6524887
21.0,24.58657,3.5865707
57.0,33.839157,23.160843
41.0,32.486187,8.513813
30.0,31.286205,1.2862053
56.0,51.845478,4.154522
82.0,45.51032,36.48968
35.0,34.897503,0.1024971
18.0,32.443073,14.443073
45.0,34.385807,10.614193
22.0,19.16322,2.8367805
26.0,49.68284,23.682838
40.0,47.65375,7.6537514
35.0,18.896942,16.103058
1.0,3.5485,2.5485
72.0,31.943039,40.05696
53.0,62.350597,9.350597
23.0,20.362858,2.6371422
32.0,37.4267,5.4267006
36.0,35.325256,0.67474365
24.0,32.276882,8.276882
27.0,25.971008,1.0289917
21.0,14.112275,6.887725
50.0,60.477577,10.477577
8.0,30.873775,22.873775
40.0,44.747894,4.7478943
60.0,35.41403,24.585972
35.0,34.269142,0.73085785
54.0,41.4609,12.539101
5.0,4.0882115,0.91178846
24.0,20.684593,3.3154068
22.0,51.341732,29.341732
8.0,20.162579,12.162579
51.0,60.137096,9.137096
26.0,25.23196,0.7680397
47.0,48.785088,1.7850876
80.0,65.25771,14.742287
9.0,21.48396,12.483959
7.0,1.5237291,5.4762707
33.0,29.611542,3.3884583
42.0,25.786049,16.213951
25.0,34.449745,9.449745
26.0,16.376095,9.623905
2.0,3.4714804,1.4714804
18.0,36.869778,18.869778
75.0,32.608425,42.391575
35.0,23.090069,11.909931
53.0,56.451122,3.4511223
56.0,53.10244,2.8975601
17.0,33.42099,16.42099
38.0,42.937695,4.9376945
25.0,24.452408,0.54759216
50.0,24.976105,25.023895
26.0,35.83379,9.83379
44.0,36.676693,7.323307
21.0,26.56567,5.56567
14.0,9.153566,4.8464336
19.0,11.840339,7.1596613
29.0,40.634068,11.634068
28.0,23.303963,4.6960373
8.0,24.485485,16.485485
38.0,39.092693,1.0926933
32.0,26.741764,5.258236
27.0,32.58493,5.5849304
56.0,37.292618,18.707382
64.0,54.867912,9.132088
48.0,49.034798,1.0347977
64.0,54.10953,9.890469
43.0,31.868172,11.131828
75.0,65.10589,9.894112
21.0,28.297123,7.297123
50.0,42.34486,7.65514
1.0,1.5671709,0.56717086
28.0,27.24754,0.7524605
2.0,1.792092,0.20790803
56.0,26.529617,29.470383
24.0,25.426594,1.4265938
56.0,58.03602,2.0360184
1.0,1.9683372,0.9683372
32.0,32.428944,0.42894363
45.0,42.92093,2.079071
36.0,38.275406,2.275406
90.0,103.74905,13.749046
5.0,8.009092,3.0090923
26.0,25.198677,0.80132294
35.0,39.046192,4.046192
39.0,29.108593,9.891407
28.0,27.285744,0.7142563
55.0,48.460964,6.539036
66.0,51.577213,14.422787
30.0,39.999695,9.999695
40.0,22.043,17.957
4.0,3.0159516,0.98404837
1.0,1.1024115,0.10241151
24.0,24.019547,0.019546509
70.0,56.249092,13.750908
84.0,67.6078,16.392197
50.0,19.633423,30.366577
52.0,38.64322,13.356781
26.0,21.78711,4.2128906
3.0,0.99786806,2.002132
5.0,8.188547,3.1885471
25.0,27.781387,2.7813873
1.0,1.2953651,0.2953651
48.0,24.345673,23.654327
6.0,26.125977,20.125977
55.0,36.065815,18.934185
67.0,69.94658,2.946579
30.0,31.871578,1.8715782
32.0,25.52073,6.479271
25.0,34.472122,9.472122
34.0,45.913013,11.913013
36.0,28.225414,7.7745857
28.0,13.857229,14.142771
58.0,22.893436,35.106564
37.0,23.20906,13.790939
28.0,28.328136,0.32813644
69.0,64.33039,4.669609
23.0,25.434902,2.4349022
53.0,54.608295,1.6082954
22.0,18.46862,3.5313797
24.0,32.660515,8.660515
9.0,6.946087,2.053913
1.0,1.8512067,0.85120666
26.0,29.261631,3.261631
3.0,22.380352,19.380352
14.0,20.219772,6.2197723
17.0,13.705574,3.294426
54.0,42.44344,11.5565605
37.0,46.07279,9.072788
24.0,27.438599,3.4385986
19.0,22.990597,3.9905968
71.0,77.86405,6.864052
52.0,54.346287,2.3462868
16.0,23.482563,7.482563
35.0,46.6661,11.6661
25.0,38.146137,13.146137
29.0,21.07835,7.92165
46.0,36.317696,9.682304
25.0,28.727848,3.727848
26.0,23.96463,2.0353699
55.0,46.285778,8.714222
58.0,72.00999,14.009987
40.0,47.9707,7.9706993
25.0,18.063795,6.936205
2.0,5.928963,3.9289632
10.0,11.038801,1.0388012
36.0,25.387913,10.612087
45.0,55.757328,10.757328
39.0,38.74283,0.25717163
1.0,1.41798,0.41797996
5.0,2.282949,2.717051
27.0,43.023525,16.023525
32.0,24.390404,7.6095963
31.0,27.454987,3.5450134
26.0,30.02567,4.025669
25.0,17.311375,7.6886253
25.0,22.577728,2.4222717
16.0,24.208363,8.208363
9.0,10.747253,1.7472534
26.0,26.254555,0.25455475
47.0,20.165466,26.834534
39.0,27.601044,11.398956
1.0,1.7576896,0.7576896
4.0,26.910648,22.910648
27.0,25.436619,1.5633812
82.0,73.176994,8.823006
54.0,71.21753,17.21753
68.0,63.737053,4.262947
2.0,1.9333327,0.06666732
56.0,36.389973,19.610027
1.0,1.7142603,0.71426034
31.0,35.46478,4.464779
45.0,55.93355,10.933552
33.0,33.66509,0.66508865
26.0,17.397026,8.602974
31.0,32.82773,1.8277283
89.0,66.18521,22.814789
55.0,40.566017,14.433983
23.0,19.70562,3.2943802
18.0,33.739643,15.739643
42.0,39.905357,2.0946426
32.0,34.233616,2.2336159
34.0,26.899273,7.100727
34.0,16.234957,17.765043
30.0,32.227177,2.2271767
17.0,13.533822,3.466178
24.0,22.46434,1.5356598
34.0,29.598576,4.4014244
33.0,30.749153,2.2508469
63.0,61.17981,1.8201904
1.0,1.9282861,0.9282861
52.0,35.260082,16.739918
25.0,28.255283,3.2552834
26.0,17.850742,8.149258
8.0,13.092456,5.092456
26.0,23.798233,2.201767
50.0,43.4146,6.5853996
22.0,40.16527,18.165272
43.0,35.17598,7.8240204
26.0,27.869522,1.8695221
57.0,55.54744,1.4525604
27.0,46.80605,19.80605
1.0,2.7969434,1.7969434
26.0,37.476307,11.476307
47.0,38.13201,8.867989
30.0,28.383904,1.6160965
28.0,25.872929,2.1270714
50.0,42.506405,7.493595
56.0,28.879475,27.120525
35.0,34.864338,0.13566208
30.0,27.740097,2.259903
23.0,27.415207,4.415207
26.0,25.104355,0.89564514
24.0,27.357517,3.3575172
77.0,102.37144,25.371437
36.0,27.459488,8.540512
12.0,29.026901,17.026901
28.0,16.747807,11.252193
1.0,22.212406,21.212406
24.0,38.666912,14.666912
1.0,1.4618008,0.4618008
68.0,59.296337,8.703663
8.0,2.546126,5.453874
42.0,20.032528,21.967472
25.0,33.14711,8.14711
55.0,20.54776,34.45224
35.0,44.78425,9.784248
73.0,74.78083,1.7808304
2.0,8.920325,6.9203253
24.0,24.333054,0.3330536
7.0,4.17541,2.8245902
26.0,23.986473,2.013527
1.0,0.9695835,0.030416489
22.0,23.490635,1.4906349
45.0,76.327995,31.327995
29.0,34.55504,5.5550385
16.0,23.534859,7.5348587
28.0,28.55624,0.5562401
42.0,34.81844,7.1815605
34.0,38.09147,4.091469
24.0,24.813496,0.81349564
84.0,90.624,6.6240005
46.0,17.037115,28.962885
45.0,54.2016,9.201599
23.0,26.634201,3.634201
55.0,71.537224,16.537224
33.0,26.105347,6.8946533
42.0,32.674664,9.325336
24.0,26.573547,2.5735474
75.0,78.24248,3.2424774
58.0,53.694977,4.305023
17.0,23.0285,6.0284996
38.0,51.8916,13.891602
30.0,32.05203,2.0520287
16.0,31.776394,15.776394
56.0,46.645123,9.354877
37.0,33.86151,3.1384888
56.0,30.298119,25.701881
31.0,31.294552,0.29455185
1.0,2.31689,1.31689
10.0,18.416658,8.416658
9.0,14.038858,5.0388584
25.0,29.103203,4.103203
36.0,27.83561,8.164391
70.0,53.7362,16.263802
2.0,2.7285867,0.7285867
58.0,47.358444,10.641556
1.0,1.1483696,0.14836955
25.0,29.802353,4.802353
58.0,53.26974,4.730259
28.0,31.451958,3.4519577
32.0,38.041683,6.041683
34.0,42.259933,8.259933
44.0,38.677242,5.3227577
29.0,33.239136,4.2391357
32.0,33.064518,1.064518
8.0,12.644501,4.6445007
35.0,32.182926,2.8170738
12.0,24.133152,12.133152
27.0,21.928684,5.071316
64.0,65.56403,1.5640335
56.0,53.601772,2.3982277
48.0,28.547585,19.452415
59.0,43.88545,15.114552
31.0,36.053688,5.053688
35.0,20.988014,14.011986
54.0,59.76868,5.7686806
1.0,0.46360183,0.5363982
23.0,11.693936,11.306064
26.0,33.966717,7.966717
34.0,34.25704,0.25703812
35.0,29.53165,5.4683495
16.0,27.240341,11.240341
21.0,28.091976,7.091976
23.0,28.123333,5.123333
50.0,30.711689,19.288311
24.0,21.023174,2.9768257
54.0,30.502983,23.497017
25.0,19.128273,5.871727
41.0,33.71569,7.2843094
26.0,28.354103,2.354103
28.0,26.84113,1.1588707
65.0,62.479137,2.5208626
40.0,32.886055,7.113945
53.0,28.796566,24.203434
30.0,28.569416,1.430584
10.0,6.8405604,3.1594396
22.0,21.971832,0.028167725
34.0,24.746967,9.253033
36.0,37.197453,1.1974525
3.0,20.921581,17.921581
65.0,34.149044,30.850956
28.0,20.152992,7.8470078
46.0,45.62337,0.37662888
32.0,22.712887,9.287113
49.0,45.297077,3.7029228
36.0,25.908169,10.091831
25.0,25.737888,0.73788834
22.0,15.258739,6.7412605
43.0,33.178074,9.821926
30.0,21.481075,8.518925
31.0,31.223763,0.22376251
30.0,26.541077,3.4589233
31.0,23.931728,7.0682716
50.0,19.360647,30.639353
58.0,45.465996,12.534004
58.0,59.659138,1.6591377
26.0,38.07098,12.07098
26.0,29.946224,3.9462242
26.0,21.575089,4.4249115
12.0,15.838819,3.8388186
36.0,44.648952,8.6489525
70.0,74.14152,4.1415176
27.0,38.70906,11.709061
3.0,1.7410825,1.2589175
55.0,67.10032,12.100319
55.0,49.25922,5.74078
28.0,22.148434,5.8515663
9.0,39.99278,30.992779
37.0,51.526768,14.526768
36.0,33.59524,2.4047585
54.0,47.99849,6.0015106
11.0,23.971981,12.971981
35.0,17.372625,17.627375
33.0,32.51937,0.48062897
36.0,43.66726,7.667259
36.0,24.264317,11.735683
38.0,26.341839,11.658161
32.0,27.582924,4.417076
35.0,21.304207,13.695793
35.0,26.344624,8.655376
28.0,27.611496,0.38850403
42.0,19.87555,22.12445
10.0,18.115685,8.1156845
50.0,30.96167,19.03833
20.0,12.388438,7.611562
1.0,2.452148,1.452148
5.0,5.628114,0.6281142
16.0,16.569426,0.5694256
26.0,28.10696,2.1069603
26.0,35.02785,9.027851
26.0,18.382393,7.617607
52.0,49.814747,2.1852531
31.0,26.330914,4.6690865
20.0,25.858707,5.8587074
31.0,23.593979,7.406021
25.0,31.466137,6.466137
17.0,2.7992947,14.200706
27.0,31.317398,4.317398
26.0,31.035843,5.035843
5.0,3.4817307,1.5182693
26.0,32.864212,6.864212
32.0,34.172745,2.1727448
65.0,42.087757,22.912243
22.0,26.16351,4.1635094
7.0,15.571623,8.571623
24.0,21.808163,2.1918373
3.0,10.690996,7.690996
21.0,42.36138,21.361382
26.0,24.599518,1.4004822
21.0,21.702347,0.7023468
32.0,28.500496,3.499504
52.0,48.361904,3.6380959
20.0,21.317669,1.3176689
64.0,73.2619,9.261902
32.0,30.699886,1.3001137
48.0,40.75992,7.240082
60.0,43.22303,16.77697
86.0,72.516365,13.483635
26.0,23.930088,2.069912
45.0,41.725903,3.2740974
43.0,33.815563,9.184437
35.0,25.064869,9.935131
40.0,33.24552,6.7544785
31.0,29.60981,1.3901901
86.0,89.76753,3.7675323
28.0,26.25943,1.7405701
61.0,84.78535,23.785347
40.0,22.624523,17.375477
13.0,18.388649,5.388649
1.0,1.6858383,0.68583834
52.0,39.33874,12.661259
37.0,42.849545,5.8495445
30.0,32.731876,2.7318764
85.0,67.246895,17.753105
46.0,32.776752,13.223248
13.0,23.374454,10.3744545
8.0,32.388275,24.388275
26.0,24.321838,1.6781616
32.0,31.004642,0.9953575
54.0,46.953884,7.046116
38.0,24.382244,13.617756
52.0,39.63003,12.369968
32.0,25.004246,6.9957542
28.0,24.05597,3.9440308
37.0,40.080326,3.080326
32.0,30.927597,1.072403
28.0,24.524288,3.4757118
17.0,16.387394,0.61260605
80.0,67.73838,12.26162
65.0,32.839504,32.160496
16.0,24.37547,8.375469
1.0,1.9375336,0.9375336
30.0,22.809937,7.1900635
73.0,59.547123,13.452877
24.0,22.291618,1.7083817
23.0,22.063282,0.936718
1.0,1.8497434,0.84974337
1.0,1.1124294,0.11242938
65.0,57.959644,7.0403557
32.0,33.797256,1.7972565
27.0,30.844566,3.8445663
68.0,59.829674,8.170326
7.0,66.234085,59.234085
41.0,38.087193,2.9128075
30.0,33.42847,3.4284706
45.0,24.276798,20.723202
31.0,28.490364,2.509636
1.0,0.23798823,0.76201177
68.0,54.75704,13.242962
28.0,26.480644,1.5193558
26.0,22.244,3.7560005
30.0,21.220825,8.779175
2.0,1.5936236,0.40637636
26.0,20.499355,5.5006447
26.0,31.151585,5.1515846
1.0,18.704987,17.704987
2.0,9.155163,7.155163
40.0,39.865818,0.13418198
4.0,3.0296745,0.97032547
5.0,5.0186996,0.018699646
40.0,28.960781,11.039219
67.0,59.275486,7.724514
17.0,19.342026,2.3420258
21.0,25.680687,4.680687
27.0,32.800976,5.800976
29.0,22.390041,6.6099586
29.0,27.637936,1.3620644
23.0,37.478394,14.478394
1.0,2.7460113,1.7460113
23.0,16.42731,6.572689
1.0,1.7662363,0.7662363
59.0,45.40121,13.598789
29.0,23.53783,5.4621696
12.0,12.553678,0.55367756
24.0,37.22835,13.228352
4.0,3.5933452,0.40665483
10.0,28.654293,18.654293
45.0,34.579506,10.420494
45.0,49.30497,4.30497
30.0,30.55075,0.55075073
23.0,21.012032,1.9879684
90.0,66.750786,23.249214
32.0,32.94116,0.9411583
32.0,35.72787,3.727871
26.0,33.13653,7.136532
3.0,4.0551996,1.0551996
30.0,31.136864,1.1368637
26.0,23.8628,2.1371994
32.0,34.6565,2.6565018
26.0,25.57129,0.42871094
26.0,27.645893,1.6458931
30.0,34.247616,4.247616
28.0,29.369389,1.3693886
35.0,39.64101,4.6410103
36.0,21.221817,14.778183
47.0,32.63854,14.361462
39.0,43.91955,4.919552
32.0,22.7184,9.281601
37.0,41.26837,4.2683716
21.0,28.512249,7.512249
18.0,20.611446,2.6114464
76.0,39.27582,36.72418
2.0,2.1453354,0.14533544
26.0,26.743454,0.743454
16.0,13.940759,2.0592413
45.0,47.998363,2.9983635
54.0,49.157177,4.842823
27.0,21.809605,5.1903954
14.0,16.350937,2.350937
22.0,22.138313,0.1383133
32.0,21.125923,10.874077
54.0,44.225456,9.774544
85.0,69.74613,15.253868
32.0,22.998043,9.001957
65.0,38.80505,26.19495
36.0,37.169907,1.1699066
20.0,24.760288,4.7602882
21.0,23.722164,2.7221642
1.0,19.206478,18.206478
30.0,29.600845,0.39915466
1.0,6.9330597,5.9330597
25.0,21.80125,3.1987495
82.0,90.47564,8.475639
8.0,19.574348,11.574348
22.0,21.938858,0.061141968
38.0,26.859154,11.140846
58.0,16.066208,41.933792
45.0,37.35198,7.6480217
24.0,25.867401,1.8674011
49.0,40.024395,8.975605
37.0,34.51818,2.4818192
26.0,27.534843,1.5348434
65.0,66.6333,1.6333008
28.0,22.129353,5.8706474
48.0,52.007854,4.0078545
12.0,3.4593627,8.540637
2.0,-0.037573576,2.0375736
2.0,1.1123309,0.8876691
45.0,41.783688,3.2163124
38.0,26.34523,11.65477
26.0,31.419746,5.4197464
35.0,38.827244,3.8272438
16.0,19.544353,3.5443535
1.0,1.9239923,0.9239923
22.0,29.781654,7.7816544
1.0,1.8629645,0.8629645
26.0,22.329262,3.6707382
18.0,18.33636,0.33636093
5.0,3.3834834,1.6165166
96.0,95.418495,0.5815048
3.0,4.264669,1.264669
28.0,25.460758,2.5392418
38.0,24.70261,13.29739
30.0,27.222885,2.7771149
39.0,44.899902,5.8999023
12.0,18.09225,6.092251
21.0,23.969585,2.9695854
52.0,51.55023,0.44977188
80.0,85.27517,5.2751694
50.0,54.28112,4.2811203
3.0,26.92611,23.92611
37.0,33.704323,3.2956772
28.0,34.600548,6.600548
25.0,30.405907,5.4059067
25.0,26.850967,1.8509674
18.0,21.216312,3.2163124
68.0,60.78161,7.2183914
28.0,46.998573,18.998573
14.0,12.612344,1.3876562
2.0,2.253635,0.25363493
62.0,61.667484,0.33251572
33.0,37.570732,4.570732
75.0,87.277405,12.277405
65.0,68.18199,3.1819916
27.0,25.144112,1.8558884
1.0,0.750978,0.249022
18.0,24.97477,6.9747696
45.0,52.3729,7.372898
1.0,11.608197,10.608197
1.0,2.3368125,1.3368125
39.0,42.774105,3.774105
72.0,57.38404,14.615959
26.0,24.712147,1.2878532
39.0,43.803867,4.8038673
26.0,17.26701,8.73299
12.0,23.086468,11.086468
26.0,29.194214,3.1942139
82.0,55.336224,26.663776
20.0,41.92389,21.92389
44.0,35.03104,8.96896
2.0,2.6716232,0.67162323
78.0,67.85356,10.146439
24.0,16.08323,7.916771
31.0,22.83179,8.168209
1.0,8.073507,7.0735073
28.0,27.563992,0.43600845
45.0,41.24287,3.7571297
24.0,19.600864,4.3991356
41.0,32.030518,8.969482
42.0,20.415668,21.584332
42.0,58.227093,16.227093
30.0,31.389603,1.3896027
26.0,29.923275,3.923275
16.0,26.024601,10.024601
54.0,36.96345,17.036549
31.0,31.739555,0.73955536
20.0,24.267422,4.2674217
15.0,17.297733,2.2977333
29.0,24.497234,4.5027657
18.0,45.142765,27.142765
75.0,62.24801,12.751991
65.0,79.22245,14.22245
38.0,32.273212,5.7267876
100.0,85.386024,14.613976
26.0,33.0523,7.0522995
1.0,19.099285,18.099285
2.0,1.5735433,0.4264567
45.0,65.94312,20.943123
63.0,37.315804,25.684196
25.0,24.443066,0.55693436
23.0,27.054638,4.054638
36.0,31.437557,4.562443
59.0,45.96522,13.034779
11.0,6.978203,4.021797
26.0,41.481327,15.481327
25.0,28.03585,3.0358505
28.0,24.628662,3.371338
1.0,4.995117,3.9951172
88.0,57.35369,30.646309
30.0,33.88053,3.8805313
66.0,46.528057,19.471943
30.0,31.555748,1.555748
4.0,2.1458807,1.8541193
26.0,27.96722,1.9672203
54.0,67.65625,13.65625
25.0,29.329273,4.329273
25.0,47.832573,22.832573
70.0,59.485382,10.514618
55.0,64.691956,9.691956
17.0,15.644442,1.3555584
38.0,30.009464,7.9905357
26.0,36.107784,10.107784
17.0,30.708904,13.708904
55.0,47.77093,7.2290688
56.0,37.101624,18.898376
28.0,22.877735,5.122265
79.0,73.49849,5.5015106
32.0,27.586071,4.413929
34.0,31.951916,2.0480843
5.0,7.438839,2.438839
70.0,54.062206,15.937794
30.0,26.638271,3.3617287
27.0,27.813747,0.8137474
1.0,1.6714978,0.6714978
20.0,17.678684,2.3213158
35.0,20.237373,14.762627
22.0,22.172073,0.17207336
51.0,39.832123,11.167877
37.0,46.31087,9.310871
43.0,20.935478,22.064522
59.0,57.507298,1.4927025
75.0,54.313595,20.686405
8.0,8.781559,0.781559
14.0,17.509914,3.5099144
9.0,31.587135,22.587135
34.0,29.989761,4.0102386
7.0,16.72752,9.72752
24.0,28.430935,4.430935
26.0,28.203533,2.2035332
26.0,31.102459,5.102459
26.0,32.84593,6.845928
54.0,30.34682,23.65318
65.0,49.78644,15.213558
25.0,37.150883,12.150883
23.0,18.019348,4.980652
30.0,19.822296,10.177704
24.0,32.151783,8.151783
1.0,9.7010765,8.7010765
21.0,34.266136,13.266136
1.0,2.6774473,1.6774473
67.0,66.37034,0.62966156
30.0,46.72344,16.723438
18.0,24.86385,6.8638496
21.0,12.356065,8.643935
60.0,57.876686,2.123314
67.0,33.738815,33.261185
54.0,53.46651,0.5334892
58.0,25.662956,32.337044
75.0,52.492138,22.507862
23.0,20.899216,2.1007843
14.0,28.888763,14.888763
75.0,48.103317,26.896683
72.0,90.04055,18.04055
26.0,15.979478,10.020522
5.0,5.3340034,0.33400345
5.0,4.20931,0.79068995
23.0,17.660313,5.3396873
36.0,26.539257,9.460743
27.0,20.575558,6.4244423
25.0,26.612362,1.6123619
1.0,1.6934341,0.6934341
43.0,31.164848,11.835152
8.0,15.819228,7.819228
36.0,46.2354,10.235401
71.0,63.35609,7.6439095
42.0,24.420769,17.579231
36.0,32.79978,3.2002182
1.0,2.1314778,1.1314778
37.0,56.553654,19.553654
52.0,61.585262,9.585262
28.0,30.853447,2.853447
55.0,44.19164,10.808361
25.0,18.752956,6.2470436
28.0,39.795677,11.795677
55.0,46.625717,8.374283
21.0,41.63603,20.636028
1.0,1.3208065,0.3208065
52.0,31.241848,20.758152
54.0,36.58364,17.416359
20.0,22.80452,2.8045197
35.0,19.766762,15.233238
34.0,36.68011,2.680111
37.0,31.642048,5.357952
2.0,1.7784644,0.22153556
31.0,39.547184,8.547184
24.0,22.657478,1.3425217
12.0,15.727694,3.7276936
28.0,21.358631,6.641369
31.0,35.446205,4.446205
42.0,41.36395,0.6360512
34.0,26.895607,7.104393
54.0,52.803097,1.1969032
31.0,32.3313,1.3312988
28.0,44.824806,16.824806
42.0,46.426563,4.4265633
45.0,40.058594,4.9414062
47.0,53.02021,6.0202103
75.0,41.531757,33.468243
65.0,67.7355,2.7354965
80.0,72.10592,7.894081
50.0,54.30666,4.3066597
25.0,24.077396,0.9226036
60.0,55.877453,4.122547
24.0,24.538063,0.53806305
52.0,35.947575,16.052425
24.0,32.202194,8.202194
4.0,2.9522994,1.0477006
28.0,24.531067,3.468933
70.0,55.303555,14.696445
26.0,29.9856,3.9855995
36.0,22.762215,13.237785
21.0,25.609451,4.6094513
16.0,24.741875,8.741875
29.0,27.22937,1.7706299
27.0,38.607906,11.607906
16.0,20.568066,4.5680656
10.0,24.06554,14.06554
32.0,38.998295,6.998295
4.0,11.932583,7.932583
29.0,31.52213,2.522129
2.0,3.404309,1.404309
58.0,47.438652,10.561348
24.0,22.621864,1.3781357
29.0,25.002277,3.9977226
68.0,58.671,9.328999
73.0,32.62875,40.37125
58.0,32.25765,25.742352
26.0,35.15713,9.157131
36.0,37.449726,1.4497261
29.0,23.189133,5.8108673
27.0,23.371326,3.6286736
50.0,33.47207,16.527931
36.0,46.421597,10.421597
40.0,30.713528,9.286472
42.0,42.35032,0.3503189
17.0,8.213323,8.786677
45.0,27.019955,17.980045
27.0,34.277145,7.2771454
40.0,15.008804,24.991196
49.0,56.863255,7.8632545
76.0,63.72333,12.276669
21.0,23.7145,2.7145004
35.0,34.060535,0.93946457
63.0,48.883354,14.116646
32.0,34.496162,2.4961624
8.0,11.636931,3.6369314
56.0,31.955284,24.044716
85.0,27.493877,57.506123
20.0,25.15247,5.1524696
47.0,42.83228,4.167721
50.0,49.979977,0.020023346
11.0,4.759405,6.240595
2.0,6.8062673,4.8062673
28.0,28.422768,0.42276764
8.0,21.047901,13.047901
33.0,26.865963,6.134037
32.0,37.308064,5.3080635
29.0,14.500681,14.499319
1.0,1.2850723,0.28507233
32.0,35.737247,3.7372475
28.0,27.745163,0.25483704
60.0,46.13392,13.866081
18.0,29.45269,11.45269
29.0,19.640839,9.359161
29.0,23.580406,5.419594
26.0,30.505505,4.5055046
42.0,49.542923,7.542923
50.0,57.52776,7.5277596
26.0,19.587914,6.4120865
28.0,33.335403,5.3354034
35.0,41.23013,6.2301292
63.0,51.698997,11.3010025
10.0,8.110729,1.8892708
26.0,48.059364,22.059364
17.0,32.612625,15.612625
1.0,2.1098404,1.1098404
28.0,27.460331,0.53966904
29.0,33.54361,4.5436096
57.0,61.227398,4.227398
25.0,34.486347,9.486347
58.0,56.219696,1.780304
34.0,22.74374,11.25626
24.0,33.1843,9.184299
20.0,31.195549,11.195549
1.0,15.641961,14.641961
26.0,34.696487,8.696487
28.0,21.922218,6.0777817
89.0,49.306072,39.693928
72.0,60.927666,11.072334
40.0,26.83004,13.16996
86.0,49.29697,36.70303
41.0,57.05948,16.059479
58.0,80.585915,22.585915
71.0,35.064083,35.935917
26.0,35.286602,9.286602
18.0,31.300648,13.300648
14.0,19.881855,5.881855
26.0,32.164925,6.1649246
32.0,24.94062,7.0593796
30.0,38.133327,8.1333275
68.0,40.249336,27.750664
26.0,21.822216,4.177784
23.0,27.37239,4.3723907
23.0,28.093647,5.093647
26.0,23.683693,2.316307
27.0,24.13673,2.8632698
65.0,70.02794,5.027939
22.0,29.606342,7.6063423
25.0,24.335518,0.6644821
45.0,25.359207,19.640793
57.0,46.333782,10.666218
75.0,47.587574,27.412426
1.0,2.1282554,1.1282554
26.0,23.045883,2.9541168
52.0,36.65286,15.347141
70.0,53.873882,16.126118
25.0,25.047848,0.047847748
26.0,23.946976,2.0530243
25.0,18.997574,6.002426
28.0,26.403732,1.5962677
2.0,1.446682,0.553318
26.0,13.4333315,12.5666685
32.0,30.555347,1.4446526
36.0,41.982124,5.9821243
3.0,2.8613863,0.1386137
42.0,61.699406,19.699406
45.0,23.421711,21.578289
19.0,19.339512,0.33951187
50.0,48.861187,1.138813
2.0,3.212725,1.2127249
70.0,49.867256,20.132744
32.0,33.674408,1.674408
61.0,21.93372,39.06628
9.0,23.126503,14.126503
17.0,21.942474,4.9424744
20.0,19.677387,0.32261276
51.0,45.986465,5.0135345
27.0,27.960365,0.9603653
65.0,62.441586,2.5584145
53.0,44.562737,8.4372635
24.0,25.745796,1.7457962
23.0,27.135612,4.1356125
35.0,46.91881,11.918812
58.0,62.758472,4.7584724
22.0,21.070564,0.92943573
2.0,1.849333,0.15066695
1.0,3.7794037,2.7794037
54.0,41.341923,12.658077
25.0,17.92547,7.0745296
65.0,49.674637,15.325363
28.0,32.255753,4.2557526
1.0,1.366545,0.36654496
25.0,13.545735,11.454265
1.0,3.6505435,2.6505435
25.0,24.737202,0.2627983
27.0,24.905342,2.094658
17.0,21.000313,4.000313
36.0,32.69211,3.3078918
1.0,1.1093631,0.10936308
48.0,52.214375,4.2143745
83.0,48.809437,34.190563
26.0,32.01354,6.0135384
45.0,73.80933,28.809334
49.0,48.454784,0.5452156
26.0,32.34963,6.3496284
50.0,37.55778,12.442219
65.0,47.350636,17.649364
25.0,28.094543,3.0945435
22.0,25.5071,3.5070992
38.0,45.599953,7.5999527
28.0,23.745518,4.2544823
24.0,29.898342,5.898342
27.0,30.003342,3.0033417
56.0,38.905613,17.094387
28.0,50.67947,22.67947
30.0,37.678303,7.678303
57.0,58.639164,1.639164
50.0,42.12358,7.876419
1.0,1.5836523,0.58365226
42.0,41.872185,0.12781525
26.0,21.995602,4.0043983
35.0,19.393545,15.606455
43.0,54.019234,11.019234
40.0,38.535748,1.4642525
85.0,54.44711,30.55289
35.0,44.54597,9.545971
18.0,29.170143,11.170143
24.0,32.84581,8.84581
65.0,57.67445,7.32555
24.0,23.945976,0.054023743
55.0,56.008244,1.0082436
41.0,27.548668,13.451332
28.0,29.273312,1.2733116
33.0,41.328335,8.328335
1.0,1.3532572,0.35325718
26.0,29.012848,3.012848
22.0,21.048687,0.951313
70.0,59.410088,10.589912
21.0,27.490582,6.4905815
26.0,18.959858,7.040142
38.0,37.846394,0.15360641
27.0,25.814075,1.1859245
27.0,45.074844,18.074844
29.0,28.728256,0.27174377
53.0,47.087383,5.9126167
26.0,27.217033,1.2170334
27.0,36.52645,9.526451
8.0,6.349477,1.6505232
30.0,21.84013,8.15987
39.0,32.470722,6.529278
38.0,19.258493,18.741507
63.0,46.147774,16.852226
24.0,28.036663,4.036663
35.0,125.26606,90.26606
84.0,85.80828,1.808281
41.0,29.191826,11.808174
30.0,22.858574,7.141426
50.0,34.85185,15.148151
4.0,2.4949298,1.5050702
23.0,23.621338,0.6213379
45.0,31.40907,13.590931
28.0,20.380177,7.6198235
8.0,15.426933,7.4269333
2.0,1.6879488,0.31205118
28.0,32.899094,4.8990936
77.0,56.06013,20.939869
53.0,24.061073,28.938927
26.0,25.796173,0.2038269
23.0,36.769077,13.769077
42.0,37.938213,4.0617867
7.0,17.743038,10.743038
32.0,38.346558,6.3465576
15.0,23.483826,8.483826
22.0,25.643784,3.6437836
7.0,9.389381,2.3893814
48.0,28.602966,19.397034
51.0,36.29653,14.703468
26.0,22.51448,3.4855194
48.0,37.98093,10.01907
26.0,24.726433,1.2735672
24.0,22.27766,1.7223396
1.0,-1.1493912,2.1493912
26.0,20.755531,5.2444687
29.0,24.659866,4.3401337
15.0,19.438375,4.4383755
26.0,36.586235,10.586235
34.0,25.77776,8.22224
13.0,21.339832,8.339832
47.0,46.889256,0.11074448
31.0,38.604843,7.604843
16.0,12.015485,3.9845152
10.0,20.991062,10.991062
39.0,24.354843,14.645157
21.0,28.583557,7.583557
9.0,20.13546,11.13546
34.0,44.51273,10.51273
36.0,35.272213,0.727787
67.0,59.595325,7.4046745
1.0,5.2400823,4.2400823
30.0,27.333149,2.666851
17.0,20.035873,3.0358734
54.0,49.88374,4.1162605
44.0,36.56157,7.438431
85.0,48.790985,36.209015
10.0,10.385551,0.38555145
1.0,1.4757733,0.47577333
58.0,55.114742,2.8852577
28.0,23.369408,4.6305923
26.0,34.39113,8.391129
22.0,36.03688,14.0368805
26.0,33.539665,7.539665
62.0,67.06302,5.063019
25.0,23.504517,1.4954834
54.0,45.01189,8.98811
60.0,55.99619,4.003811
26.0,41.30215,15.302151
54.0,43.106495,10.893505
39.0,30.107033,8.892967
57.0,40.301907,16.698093
39.0,35.597736,3.4022636
26.0,47.633263,21.633263
7.0,10.1304035,3.1304035
24.0,18.809757,5.190243
90.0,47.609592,42.390408
37.0,29.165024,7.834976
35.0,36.373215,1.3732147
30.0,36.419514,6.4195137
13.0,21.64711,8.64711
31.0,24.094074,6.9059258
8.0,12.206445,4.2064447
26.0,44.104637,18.104637
24.0,31.19093,7.1909294
88.0,56.17635,31.82365
39.0,30.71099,8.289009
39.0,30.03442,8.96558
28.0,19.955181,8.044819
46.0,18.038837,27.961163
48.0,28.526844,19.473156
2.0,-0.21769118,2.2176912
83.0,72.97019,10.029808
26.0,28.52029,2.5202904
13.0,15.467534,2.467534
6.0,14.605943,8.605943
22.0,32.817364,10.817364
27.0,27.783813,0.7838135
46.0,34.135284,11.864716
35.0,29.099133,5.9008675
32.0,30.226852,1.7731476
1.0,2.4821877,1.4821877
33.0,36.5955,3.595501
26.0,24.62975,1.3702507
27.0,30.808502,3.8085022
75.0,68.96888,6.0311203
5.0,7.955065,2.9550648
26.0,51.41701,25.417011
1.0,2.6158571,1.6158571
59.0,70.0174,11.017403
76.0,68.680336,7.319664
30.0,47.574272,17.574272
28.0,21.098507,6.901493
61.0,76.34243,15.34243
28.0,29.966724,1.9667244
26.0,33.021927,7.021927
58.0,35.76907,22.23093
7.0,2.764577,4.235423
47.0,37.73049,9.269508
8.0,13.603517,5.6035166
24.0,34.604347,10.604347
35.0,19.675186,15.324814
27.0,31.694263,4.6942635
8.0,9.931688,1.9316883
1.0,2.3452673,1.3452673
85.0,68.84215,16.157852
3.0,0.6039369,2.396063
1.0,0.4952433,0.5047567
37.0,29.104332,7.895668
30.0,29.75335,0.2466507
30.0,19.96545,10.03455
70.0,24.975353,45.024647
28.0,22.076553,5.9234467
25.0,15.889593,9.110407
27.0,28.242207,1.2422066
34.0,42.613422,8.613422
43.0,52.572323,9.572323
34.0,32.501003,1.4989967
68.0,48.62186,19.37814
40.0,31.274124,8.725876
56.0,45.316784,10.683216
23.0,13.813315,9.186685
31.0,39.717384,8.717384
74.0,47.05633,26.943668
8.0,14.032441,6.032441
26.0,25.65559,0.34440994
1.0,96.6071,95.6071
35.0,28.87764,6.12236
65.0,53.18964,11.81036
40.0,32.88029,7.119709
2.0,3.5263293,1.5263293
55.0,40.15045,14.849548
1.0,3.8583267,2.8583267
7.0,3.7003057,3.2996943
70.0,52.904903,17.095097
22.0,10.231134,11.768866
28.0,22.707016,5.292984
35.0,51.77796,16.777962
35.0,37.101543,2.1015434
34.0,38.063183,4.063183
40.0,41.44588,1.4458809
66.0,64.55321,1.4467926
45.0,43.80793,1.19207
25.0,31.565697,6.5656967
31.0,35.43968,4.439678
22.0,25.28159,3.2815895
8.0,17.434433,9.434433
16.0,16.829887,0.8298874
8.0,11.237364,3.2373638
18.0,21.674133,3.6741333
50.0,44.390667,5.609333
12.0,19.718864,7.7188644
38.0,27.972649,10.027351
28.0,19.610447,8.389553
35.0,35.080143,0.080142975
82.0,53.94468,28.05532
1.0,1.1406755,0.14067554
32.0,22.993717,9.006283
30.0,28.752815,1.2471848
55.0,34.07931,20.920689
65.0,76.33762,11.337624
55.0,45.783924,9.216076
28.0,25.41861,2.5813904
25.0,23.39515,1.6048508
38.0,25.063671,12.936329
5.0,23.942924,18.942924
35.0,31.796463,3.203537
23.0,20.348282,2.6517181
32.0,20.149376,11.850624
25.0,35.80653,10.80653
56.0,43.747135,12.252865
26.0,38.721573,12.721573
31.0,28.70958,2.2904205
30.0,25.497871,4.5021286
36.0,42.814762,6.814762
16.0,23.654594,7.6545944
49.0,21.892666,27.107334
52.0,56.636433,4.6364326
34.0,30.578278,3.4217224
26.0,22.827103,3.1728973
55.0,42.714306,12.285694
26.0,24.54337,1.4566307
29.0,33.979725,4.979725
25.0,20.183762,4.8162384
26.0,30.775444,4.775444
27.0,30.205666,3.2056656
24.0,19.545471,4.454529
21.0,28.105423,7.105423
35.0,24.9999,10.000099
25.0,25.497448,0.49744797
36.0,15.187218,20.812782
31.0,29.872238,1.1277618
28.0,23.231316,4.7686844
26.0,27.143879,1.1438789
30.0,21.849697,8.150303
65.0,47.918797,17.081203
46.0,47.52811,1.5281105
27.0,25.600368,1.3996315
26.0,29.355106,3.3551064
18.0,17.807087,0.19291306
79.0,49.99305,29.00695
25.0,27.51976,2.5197601
48.0,44.590343,3.4096565
29.0,34.41583,5.4158287
75.0,34.4674,40.5326
26.0,25.330956,0.6690445
26.0,25.48919,0.51081085
28.0,20.844353,7.1556473
8.0,8.987671,0.9876709
58.0,51.024815,6.9751854
40.0,42.005085,2.005085
50.0,33.406906,16.593094
56.0,30.745716,25.254284
2.0,1.8480883,0.15191174
3.0,2.7490053,0.25099468
40.0,30.84401,9.155991
33.0,24.807388,8.192612
56.0,58.70384,2.7038383
4.0,4.049015,0.049015045
20.0,19.505995,0.4940052
10.0,16.49579,6.4957905
52.0,37.990826,14.009174
26.0,22.265076,3.7349243
8.0,14.90083,6.9008303
68.0,57.238003,10.761997
60.0,42.649395,17.350605
80.0,81.935905,1.9359055
58.0,56.292965,1.7070351
80.0,49.708466,30.291534
45.0,25.299328,19.700672
28.0,31.836102,3.8361015
34.0,33.783928,0.21607208
55.0,36.453136,18.546864
43.0,46.911884,3.9118843
34.0,29.725136,4.274864
1.0,24.218254,23.218254
70.0,34.785328,35.214672
30.0,29.393188,0.6068115
54.0,24.170727,29.829273
46.0,27.284435,18.715565
27.0,38.320568,11.320568
87.0,48.36384,38.63616
27.0,21.384449,5.615551
48.0,17.928898,30.071102
45.0,56.44916,11.449162
22.0,23.014244,1.0142441
29.0,31.140564,2.140564
25.0,31.804638,6.804638
41.0,41.74285,0.74285126
28.0,26.050552,1.9494476
35.0,39.986572,4.9865723
68.0,60.348465,7.651535
47.0,59.288982,12.288982
45.0,23.513935,21.486065
4.0,4.3531723,0.3531723
56.0,28.952248,27.047752
5.0,18.64117,13.6411705
53.0,31.8381,21.1619
1.0,2.4501758,1.4501758
26.0,25.05399,0.9460106
26.0,40.41341,14.41341
34.0,29.276146,4.723854
32.0,33.950596,1.9505959
5.0,3.955696,1.0443039
52.0,49.626007,2.373993
18.0,14.064958,3.9350424
65.0,56.083813,8.916187
83.0,69.923546,13.076454
30.0,26.668629,3.3313713
15.0,19.681377,4.6813774
5.0,17.73294,12.732941
1.0,2.9455857,1.9455857
40.0,40.103436,0.10343552
50.0,43.042953,6.9570465
2.0,0.4255333,1.5744667
80.0,68.91171,11.088287
35.0,48.50522,13.5052185
34.0,43.902218,9.902218
26.0,33.20387,7.203869
21.0,18.876442,2.123558
40.0,34.045406,5.9545937
30.0,18.50066,11.49934
1.0,3.0122995,2.0122995
32.0,32.198517,0.19851685
26.0,39.105885,13.105885
31.0,32.604015,1.6040154
29.0,26.016438,2.9835625
37.0,29.203793,7.7962074
35.0,38.849346,3.8493462
35.0,34.845432,0.15456772
26.0,30.347157,4.3471565
28.0,26.574001,1.4259987
58.0,31.09618,26.90382
27.0,21.252563,5.7474365
14.0,18.534447,4.5344467
63.0,73.184235,10.184235
1.0,1.0523062,0.052306175
3.0,12.647471,9.647471
26.0,28.837242,2.8372421
90.0,51.172855,38.827145
26.0,25.361458,0.6385422
52.0,34.318626,17.681374
70.0,51.430477,18.569523
39.0,46.480785,7.4807854
55.0,33.513046,21.486954
61.0,51.85581,9.144192
30.0,34.749752,4.749752
27.0,28.138527,1.1385269
24.0,19.134476,4.8655243
35.0,43.294254,8.294254
26.0,19.078312,6.921688
24.0,26.426453,2.4264526
50.0,51.791336,1.791336
26.0,24.60775,1.3922501
40.0,64.546394,24.546394
20.0,20.923061,0.9230614
5.0,7.2180843,2.2180843
45.0,46.617847,1.6178474
17.0,22.309574,5.309574
27.0,37.717705,10.717705
24.0,29.135284,5.1352844
3.0,0.23826218,2.7617378
26.0,40.538166,14.538166
29.0,36.260227,7.260227
45.0,51.22746,6.227459
26.0,26.2501,0.25009918
19.0,27.431744,8.431744
34.0,34.593132,0.593132
28.0,31.470821,3.4708214
25.0,32.32599,7.325989
28.0,32.888245,4.8882446
69.0,86.232666,17.232666
24.0,27.949268,3.9492683
68.0,87.85788,19.85788
42.0,46.6778,4.677799
4.0,9.605803,5.6058025
27.0,14.652307,12.347693
65.0,27.252174,37.747826
29.0,32.489,3.4889984
50.0,38.20597,11.794029
25.0,20.920696,4.0793037
26.0,32.131367,6.1313667
16.0,23.96922,7.969219
28.0,27.65482,0.3451805
83.0,58.940784,24.059216
84.0,67.18122,16.818779
26.0,32.54084,6.54084
24.0,27.143902,3.1439018
53.0,41.30648,11.69352
34.0,37.849056,3.8490562
57.0,44.22292,12.777081
41.0,76.89825,35.898247
11.0,11.487349,0.48734856
40.0,34.508488,5.4915123
61.0,30.02396,30.97604
30.0,60.052135,30.052135
46.0,41.168854,4.8311462
6.0,7.1032495,1.1032495
42.0,20.720474,21.279526
60.0,34.104088,25.895912
39.0,38.14591,0.85409164
72.0,39.849068,32.150932
29.0,28.070305,0.9296951
38.0,33.222397,4.777603
28.0,24.161674,3.8383255
40.0,37.608177,2.3918228
3.0,5.0172577,2.0172577
26.0,22.509262,3.490738
28.0,28.981407,0.98140717
45.0,28.523396,16.476604
56.0,39.4249,16.5751
58.0,48.54599,9.45401
20.0,24.697998,4.697998
24.0,23.06987,0.93013
24.0,27.080868,3.0808678
61.0,66.44899,5.44899
34.0,42.01972,8.019718
31.0,57.020176,26.020176
31.0,30.849747,0.1502533
51.0,54.32335,3.323349
29.0,35.141285,6.141285
9.0,16.03806,7.038059
33.0,33.337845,0.33784485
25.0,21.377205,3.622795
8.0,11.303945,3.3039446
65.0,48.38635,16.613651
32.0,50.823353,18.823353
30.0,20.884441,9.115559
20.0,27.67883,7.678829
81.0,58.856766,22.143234
38.0,29.99702,8.002979
22.0,32.287445,10.287445
29.0,30.901173,1.9011726
26.0,23.642124,2.3578758
35.0,30.179031,4.8209686
26.0,26.177769,0.1777687
21.0,21.765282,0.7652817
29.0,27.232117,1.7678833
60.0,77.80073,17.800728
32.0,28.810696,3.1893044
2.0,4.945111,2.9451108
21.0,24.567822,3.5678215
47.0,30.449284,16.550716
26.0,25.010273,0.989727
20.0,23.128258,3.1282578
12.0,16.46947,4.469469
28.0,36.147102,8.147102
80.0,46.767826,33.232174
22.0,25.849148,3.8491478
39.0,30.750957,8.2490425
46.0,31.456741,14.543259
26.0,24.437828,1.5621719
5.0,2.746707,2.253293
36.0,27.091808,8.908192
56.0,36.113018,19.886982
72.0,45.497036,26.502964
76.0,72.048485,3.9515152
29.0,31.756866,2.7568665
60.0,56.693302,3.3066978
60.0,27.271664,32.728336
29.0,29.088562,0.08856201
24.0,22.376118,1.6238823
43.0,33.302773,9.6972275
60.0,55.331165,4.6688347
30.0,33.03435,3.0343513
27.0,26.497952,0.5020485
28.0,23.461617,4.5383835
28.0,33.515823,5.5158234
53.0,26.118107,26.881893
25.0,22.19032,2.809681
43.0,44.954113,1.954113
32.0,33.606197,1.6061974
2.0,3.7687805,1.7687805
35.0,31.575123,3.4248772
62.0,64.0225,2.022499
28.0,27.165596,0.834404
26.0,55.64429,29.64429
21.0,23.7145,2.7145004
30.0,31.692863,1.6928635
95.0,79.91363,15.086372
27.0,27.426018,0.42601776
20.0,26.789974,6.789974
1.0,1.5496142,0.5496142
44.0,24.834568,19.165432
20.0,18.974556,1.025444
73.0,81.2394,8.239403
1.0,0.8833537,0.11664629
8.0,5.86967,2.13033
70.0,51.99063,18.009369
26.0,28.672768,2.6727676
34.0,31.203514,2.796486
53.0,39.769566,13.230434
49.0,57.134388,8.134388
1.0,1.3594992,0.35949922
22.0,38.02081,16.02081
26.0,21.650532,4.349468
30.0,21.06501,8.93499
65.0,76.68447,11.684471
35.0,22.617168,12.382832
26.0,25.2678,0.7322006
43.0,42.026405,0.97359467
28.0,30.350552,2.3505516
18.0,22.955784,4.955784
4.0,1.3933349,2.6066651
22.0,25.912186,3.9121857
23.0,25.944866,2.9448662
24.0,19.553936,4.446064
26.0,21.978977,4.021023
57.0,58.61256,1.6125603
70.0,68.45457,1.545433
75.0,56.898586,18.101414
36.0,21.770912,14.229088
29.0,28.027023,0.9729767
34.0,17.384125,16.615875
3.0,2.5476642,0.45233583
34.0,46.07786,12.077862
35.0,23.7499,11.250099
28.0,19.547642,8.452358
23.0,15.978765,7.0212355
69.0,76.48682,7.4868164
4.0,8.84495,4.8449497
45.0,31.556446,13.443554
49.0,45.321102,3.6788979
32.0,26.70618,5.2938194
3.0,3.6451728,0.64517283
51.0,50.387947,0.6120529
2.0,1.6449707,0.35502934
31.0,41.6956,10.695599
28.0,19.613956,8.386044
1.0,3.360301,2.360301
21.0,32.124454,11.1244545
1.0,27.70615,26.70615
1.0,1.0790584,0.07905841
26.0,26.416527,0.4165268
8.0,9.222471,1.2224712
26.0,30.43739,4.4373894
48.0,28.681126,19.318874
27.0,26.587078,0.4129219
66.0,43.80144,22.198559
25.0,30.301231,5.3012314
38.0,29.250889,8.749111
20.0,25.870598,5.870598
50.0,55.708393,5.708393
52.0,47.44058,4.5594215
32.0,40.321865,8.321865
36.0,37.50855,1.5085487
32.0,31.506695,0.4933052
73.0,51.22092,21.77908
53.0,60.031925,7.031925
58.0,69.14106,11.14106
35.0,43.455814,8.455814
33.0,23.584763,9.415237
40.0,45.311104,5.311104
9.0,28.09645,19.09645
54.0,54.954037,0.9540367
7.0,2.8111653,4.1888347
90.0,62.38572,27.61428
4.0,8.9231205,4.9231205
38.0,28.0676,9.9324
30.0,20.462677,9.537323
53.0,37.61801,15.381989
54.0,41.58928,12.410721
44.0,55.793037,11.793037
30.0,26.879612,3.120388
2.0,7.873244,5.873244
35.0,34.886642,0.113357544
26.0,26.043156,0.04315567
24.0,38.645554,14.645554
49.0,35.2048,13.7952
34.0,48.87903,14.879028
28.0,36.7795,8.779499
27.0,35.059074,8.059074
28.0,31.69394,3.6939392
30.0,35.190228,5.1902275
36.0,40.54141,4.5414085
21.0,22.228077,1.2280769
66.0,29.38945,36.61055
22.0,15.272969,6.7270308
37.0,31.246563,5.753437
26.0,33.385357,7.385357
39.0,40.47478,1.474781
90.0,70.21417,19.785828
8.0,14.006697,6.0066967
75.0,73.7121,1.2879028
23.0,22.508305,0.4916954
80.0,22.416756,57.583244
68.0,38.96986,29.03014
3.0,3.3993955,0.39939547
40.0,28.110073,11.889927
53.0,47.99057,5.00943
24.0,25.00341,1.0034103
23.0,31.744228,8.744228
30.0,30.673237,0.67323685
15.0,47.346966,32.346966
85.0,51.168682,33.831318
65.0,39.789127,25.210873
75.0,53.253784,21.746216
29.0,37.716328,8.716328
26.0,27.329147,1.3291473
24.0,38.211952,14.211952
25.0,24.90046,0.09954071
55.0,38.882782,16.117218
36.0,25.731968,10.268032
30.0,32.840096,2.8400955
1.0,1.415719,0.41571903
15.0,23.965927,8.965927
85.0,66.50509,18.494911
26.0,27.842785,1.8427849
29.0,28.884846,0.11515427
35.0,35.38382,0.38381958
46.0,54.555237,8.555237
26.0,22.316936,3.6830635
28.0,27.036945,0.96305466
32.0,23.367298,8.632702
45.0,25.456173,19.543827
29.0,33.931263,4.931263
30.0,33.296844,3.2968445
42.0,33.22566,8.774342
57.0,50.257984,6.742016
3.0,4.346459,1.3464589
52.0,77.457695,25.457695
32.0,37.96671,5.966709
21.0,24.931946,3.9319458
41.0,31.01025,9.98975
21.0,32.813316,11.813316
30.0,33.856197,3.8561974
21.0,31.053082,10.0530815
36.0,36.5001,0.5000992
45.0,27.779076,17.220924
35.0,37.589684,2.5896835
30.0,38.4085,8.408501
21.0,33.76894,12.76894
26.0,34.851387,8.851387
26.0,18.905327,7.094673
22.0,57.409084,35.409084
26.0,19.673157,6.3268433
40.0,30.612411,9.3875885
1.0,1.5163343,0.5163343
25.0,46.393406,21.393406
23.0,23.148342,0.14834213
35.0,37.432262,2.4322624
63.0,37.884502,25.115498
28.0,24.482277,3.517723
68.0,29.26527,38.73473
35.0,38.34171,3.3417091
26.0,26.922157,0.9221573
21.0,28.096363,7.096363
29.0,32.269577,3.269577
26.0,20.584007,5.4159927
26.0,25.973434,0.026565552
2.0,5.245538,3.2455382
2.0,7.3954887,5.3954887
27.0,42.30328,15.30328
26.0,20.424736,5.575264
26.0,26.4637,0.46369934
5.0,4.484712,0.5152879
24.0,24.290283,0.2902832
52.0,47.94486,4.0551414
11.0,7.100095,3.8999052
35.0,40.017487,5.0174866
29.0,27.307003,1.692997
26.0,25.551857,0.448143
46.0,30.759682,15.240318
72.0,54.154697,17.845303
23.0,27.88897,4.8889694
40.0,35.9643,4.0357018
26.0,31.887463,5.8874626
26.0,22.582928,3.4170723
22.0,35.867477,13.867477
25.0,28.44542,3.4454193
9.0,12.246848,3.246848
61.0,49.698177,11.301823
33.0,28.10262,4.897381
29.0,40.679913,11.679913
2.0,0.057241917,1.9427581
28.0,31.402195,3.402195
19.0,18.531414,0.46858597
12.0,18.763695,6.763695
28.0,21.030441,6.9695587
12.0,16.715878,4.7158775
26.0,37.54274,11.54274
29.0,32.87917,3.8791695
50.0,57.072308,7.0723076
14.0,11.000311,2.999689
24.0,29.237392,5.2373924
33.0,19.391262,13.608738
65.0,65.11824,0.11824036
27.0,28.126114,1.1261139
60.0,37.626377,22.373623
25.0,18.989643,6.010357
18.0,17.065859,0.93414116
25.0,29.340229,4.340229
35.0,30.551151,4.4488487
37.0,28.209454,8.790546
65.0,75.68577,10.685768
32.0,54.32909,22.32909
31.0,31.480537,0.4805374
26.0,33.2221,7.2220993
54.0,28.067947,25.932053
63.0,68.01952,5.0195236
16.0,17.54449,1.5444908
20.0,34.3638,14.3638
26.0,23.828152,2.1718483
23.0,39.420776,16.420776
50.0,33.15228,16.847721
33.0,24.446072,8.553928
29.0,16.315578,12.684422
28.0,43.83855,15.838551
30.0,16.608738,13.391262
27.0,32.732796,5.7327957
1.0,2.0836291,1.0836291
27.0,23.753174,3.2468262
38.0,38.291954,0.29195404
56.0,57.494904,1.4949036
35.0,42.724506,7.7245064
26.0,22.799103,3.2008972
31.0,35.116547,4.1165466
73.0,65.19063,7.809372
49.0,53.840343,4.8403435
68.0,27.824661,40.17534
47.0,44.7357,2.2643013
24.0,23.157795,0.84220505
36.0,25.309692,10.690308
26.0,28.911976,2.9119759
14.0,18.734024,4.734024
3.0,6.713562,3.713562
26.0,26.49804,0.49803925
26.0,36.958035,10.9580345
26.0,36.960407,10.960407
40.0,24.216747,15.783253
53.0,46.288784,6.711216
25.0,23.418076,1.5819244
78.0,66.17075,11.8292465
1.0,4.56793,3.5679302
24.0,21.595127,2.404873
38.0,37.482883,0.51711655
35.0,27.97937,7.02063
65.0,50.91902,14.080978
41.0,34.304913,6.6950874
52.0,60.45272,8.452721
26.0,31.6506,5.6506004
26.0,23.292927,2.7070732
54.0,37.9811,16.018902
2.0,2.2049427,0.2049427
40.0,32.948944,7.051056
36.0,27.808132,8.191868
50.0,49.199654,0.8003464
25.0,18.620342,6.3796577
28.0,32.867916,4.867916
16.0,38.388348,22.388348
1.0,17.333614,16.333614
56.0,38.775547,17.224453
8.0,10.1691,2.1690998
38.0,36.70327,1.29673
38.0,37.112446,0.88755417
24.0,22.41861,1.5813904
22.0,38.396023,16.396023
36.0,35.61436,0.3856392
23.0,28.291664,5.291664
38.0,18.99588,19.00412
62.0,54.187485,7.8125153
31.0,24.551136,6.448864
28.0,23.108284,4.891716
26.0,34.997658,8.997658
66.0,52.533295,13.466705
50.0,32.38401,17.61599
4.0,9.7204,5.7204
28.0,33.184967,5.184967
61.0,62.796326,1.7963257
25.0,32.395744,7.3957443
49.0,71.38593,22.385933
1.0,-0.7593837,1.7593837
7.0,23.025982,16.025982
6.0,20.961441,14.961441
30.0,28.104885,1.8951149
20.0,16.594704,3.4052963
50.0,18.870708,31.129292
25.0,32.52908,7.5290794
26.0,30.910091,4.9100914
9.0,55.284264,46.284264
64.0,60.3182,3.6818008
21.0,27.693592,6.693592
60.0,51.288517,8.711483
10.0,26.685337,16.685337
18.0,12.760957,5.239043
50.0,29.946682,20.053318
54.0,34.79687,19.203129
26.0,47.724857,21.724857
78.0,65.90032,12.099678
32.0,21.636139,10.363861
60.0,35.851006,24.148994
35.0,28.416496,6.5835037
34.0,21.551922,12.448078
32.0,19.330078,12.669922
29.0,32.98009,3.980091
2.0,1.238193,0.76180696
49.0,72.40165,23.40165
29.0,35.01328,6.013279
27.0,23.552452,3.447548
52.0,47.851,4.1489983
51.0,70.27943,19.279427
26.0,27.6464,1.6464005
28.0,37.8166,9.816601
65.0,62.623524,2.3764763
31.0,26.750721,4.249279
61.0,44.822155,16.177845
62.0,27.859825,34.140175
26.0,24.046902,1.9530983
56.0,44.565773,11.434227
36.0,23.498299,12.501701
34.0,44.350975,10.350975
50.0,46.36762,3.6323814
47.0,34.319637,12.680363
23.0,33.317375,10.317375
48.0,27.565655,20.434345
25.0,27.072124,2.0721245
35.0,32.65309,2.3469086
32.0,28.34943,3.65057
29.0,34.17051,5.1705093
50.0,48.89496,1.1050415
23.0,20.789669,2.210331
26.0,27.100464,1.1004639
27.0,44.95912,17.959122
14.0,23.506245,9.506245
42.0,26.030098,15.969902
24.0,18.213707,5.786293
1.0,2.0769255,1.0769255
40.0,46.275944,6.2759438
90.0,81.05921,8.940788
23.0,29.146557,6.146557
28.0,33.12657,5.1265717
25.0,34.077328,9.077328
26.0,40.30234,14.302341
43.0,27.26757,15.7324295
85.0,28.771656,56.228344
23.0,19.677387,3.3226128
32.0,27.762161,4.2378387
4.0,4.4895325,0.48953247
1.0,1.1400456,0.14004564
36.0,29.610245,6.3897552
90.0,79.3957,10.604301
45.0,30.091854,14.908146
2.0,3.956265,1.956265
53.0,64.34113,11.341133
54.0,31.883404,22.116596
38.0,39.172245,1.172245
72.0,55.3446,16.6554
17.0,28.0359,11.0359
21.0,20.464779,0.5352211
20.0,33.07842,13.078419
1.0,2.3656414,1.3656414
38.0,34.891544,3.1084557
1.0,2.599277,1.599277
2.0,9.644268,7.644268
59.0,47.19794,11.802059
38.0,45.857555,7.8575554
56.0,23.919407,32.080593
57.0,58.523075,1.5230751
7.0,8.329327,1.3293266
1.0,1.8983568,0.8983568
30.0,37.48705,7.487049
70.0,59.66306,10.336941
30.0,30.23793,0.2379303
26.0,27.43782,1.4378204
79.0,62.641483,16.358517
50.0,44.92201,5.0779915
37.0,26.855076,10.144924
53.0,40.01277,12.987228
2.0,11.815623,9.815623
16.0,19.016338,3.0163383
28.0,34.543762,6.543762
28.0,23.538132,4.4618683
26.0,22.258572,3.7414284
33.0,37.628902,4.6289024
35.0,23.71592,11.2840805
26.0,38.560406,12.560406
34.0,40.307693,6.3076935
26.0,22.422756,3.5772438
31.0,36.350628,5.350628
32.0,33.873707,1.8737068
14.0,14.799483,0.7994833
29.0,43.43369,14.433689
35.0,43.81757,8.81757
25.0,24.702969,0.2970314
9.0,3.313345,5.686655
26.0,34.24354,8.243542
26.0,36.65447,10.654469
2.0,2.4355228,0.4355228
26.0,25.23251,0.7674904
89.0,75.74218,13.25782
84.0,80.721664,3.2783356
45.0,41.277065,3.7229347
38.0,31.300365,6.6996346
2.0,2.5403154,0.5403154
54.0,55.57322,1.5732193
36.0,30.48169,5.5183105
77.0,66.57159,10.428413
41.0,54.255375,13.255375
12.0,13.211517,1.2115173
27.0,23.084229,3.9157715
9.0,11.057697,2.0576973
42.0,28.696278,13.303722
32.0,30.934864,1.065136
24.0,26.064182,2.0641823
25.0,24.668003,0.33199692
32.0,35.30646,3.3064613
72.0,55.06651,16.93349
33.0,31.339657,1.6603432
29.0,26.640106,2.3598938
22.0,26.41705,4.4170494
16.0,25.00589,9.00589
14.0,11.3793545,2.6206455
27.0,31.831512,4.8315125
48.0,42.25026,5.7497406
22.0,36.85271,14.852711
22.0,21.908638,0.091362
2.0,1.928959,0.07104099
43.0,33.84813,9.151871
37.0,56.568836,19.568836
26.0,20.596691,5.403309
45.0,33.85399,11.146011
54.0,38.854084,15.145916
8.0,3.692812,4.307188
2.0,7.114091,5.114091
26.0,32.61884,6.6188393
32.0,34.573166,2.573166
1.0,2.1271236,1.1271236
38.0,23.325836,14.674164
56.0,56.31959,0.31959152
1.0,17.173634,16.173634
10.0,11.636113,1.6361132
26.0,34.672657,8.672657
26.0,28.099861,2.0998611
76.0,56.15689,19.84311
45.0,34.72805,10.27195
44.0,35.658985,8.341015
28.0,38.309364,10.309364
46.0,48.155674,2.155674
3.0,2.0705447,0.9294553
23.0,24.689682,1.689682
24.0,29.409306,5.4093056
26.0,35.77215,9.772148
60.0,53.82186,6.1781387
35.0,37.007694,2.0076942
24.0,23.850239,0.1497612
30.0,30.62386,0.6238594
63.0,67.37039,4.370392
2.0,2.6114388,0.61143875
88.0,78.34895,9.651047
28.0,19.88052,8.11948
21.0,27.6936,6.6935997
39.0,37.13245,1.8675499
58.0,35.27275,22.72725
39.0,45.949707,6.949707
51.0,68.561134,17.561134
53.0,45.360165,7.6398354
54.0,50.504436,3.4955635
51.0,32.04376,18.956242
28.0,33.53131,5.531311
28.0,54.005203,26.005203
23.0,26.37154,3.37154
24.0,26.58387,2.58387
29.0,37.2381,8.238098
55.0,57.93659,2.9365883
22.0,21.089779,0.9102211
26.0,19.150639,6.8493614
16.0,19.671146,3.6711464
20.0,16.448063,3.551937
58.0,46.348843,11.651157
40.0,37.533604,2.4663963
30.0,28.870747,1.1292534
9.0,4.734212,4.265788
26.0,28.925518,2.925518
27.0,18.48581,8.514191
53.0,36.356144,16.643856
55.0,39.11364,15.88636
29.0,21.3745,7.6254997
15.0,50.128468,35.128468
23.0,24.906116,1.9061165
30.0,30.46025,0.46025085
73.0,15.812729,57.18727
27.0,37.15539,10.155392
38.0,28.389343,9.610657
48.0,43.295265,4.704735
24.0,23.217285,0.78271484
38.0,27.261211,10.738789
35.0,52.028866,17.028866
20.0,19.09964,0.9003601
76.0,67.01326,8.98674
18.0,27.502724,9.502724
53.0,45.619884,7.3801155
16.0,16.307743,0.30774307
40.0,28.551823,11.448177
46.0,46.334164,0.33416367
26.0,27.009525,1.0095253
23.0,29.70839,6.7083893
7.0,6.8915386,0.10846138
52.0,33.207203,18.792797
22.0,35.517975,13.517975
12.0,17.806213,5.8062134
1.0,3.3599796,2.3599796
28.0,22.142933,5.857067
35.0,26.24673,8.753269
8.0,16.628885,8.628885
32.0,30.641064,1.3589363
42.0,33.016026,8.983974
15.0,14.439279,0.5607214
40.0,41.32833,1.328331
26.0,25.965,0.034999847
69.0,35.484013,33.515987
22.0,20.77259,1.2274094
22.0,20.198101,1.801899
40.0,56.371593,16.371593
28.0,24.273975,3.7260246
55.0,49.452114,5.547886
85.0,43.89033,41.10967
3.0,2.5870576,0.4129424
41.0,25.979462,15.020538
1.0,1.1174409,0.11744094
26.0,26.481834,0.4818344
20.0,32.289944,12.289944
89.0,80.94887,8.051132
80.0,82.01609,2.0160904
26.0,33.95247,7.952469
36.0,28.202393,7.7976074
67.0,70.19009,3.1900864
26.0,25.326359,0.6736412
60.0,61.245346,1.2453461
40.0,29.16534,10.83466
6.0,6.96247,0.96247005
29.0,30.196247,1.1962471
27.0,23.95013,3.0498695
27.0,27.159157,0.1591568
100.0,95.04543,4.954567
28.0,20.649338,7.350662
23.0,29.28822,6.2882195
30.0,27.326077,2.6739235
41.0,26.028755,14.971245
34.0,38.022697,4.0226974
27.0,33.001457,6.001457
38.0,21.604702,16.395298
35.0,43.016876,8.016876
24.0,25.109112,1.1091118
12.0,10.850887,1.1491127
41.0,27.997368,13.002632
20.0,24.312119,4.3121185
72.0,49.991505,22.008495
1.0,8.935462,7.935462
26.0,38.96308,12.963081
54.0,63.37457,9.374569
58.0,46.809517,11.190483
7.0,7.3227587,0.32275867
29.0,26.040997,2.9590034
45.0,26.455414,18.544586
45.0,42.575993,2.4240074
39.0,62.639385,23.639385
92.0,54.844284,37.155716
62.0,86.44665,24.446648
4.0,11.198733,7.1987333
40.0,28.669525,11.330475
50.0,38.043556,11.956444
32.0,22.58833,9.411671
27.0,29.71627,2.7162704
32.0,24.607971,7.392029
53.0,45.117577,7.8824234
56.0,61.45257,5.452572
2.0,9.515422,7.515422
45.0,29.059742,15.940258
26.0,22.889359,3.1106415
38.0,29.404617,8.595383
28.0,26.70272,1.2972794
31.0,28.427437,2.5725632
28.0,31.262642,3.262642
18.0,19.648651,1.6486511
35.0,40.8128,5.8128014
61.0,47.690716,13.309284
5.0,30.614449,25.614449
28.0,29.24384,1.2438393
25.0,15.767299,9.232701
36.0,39.70541,3.70541
31.0,35.949432,4.9494324
41.0,30.44764,10.552361
15.0,8.029972,6.970028
40.0,37.34663,2.65337
27.0,29.29094,2.2909393
9.0,10.00333,1.0033302
31.0,32.448578,1.4485779
23.0,23.047867,0.04786682
22.0,21.456478,0.5435219
17.0,25.994766,8.994766
38.0,36.762753,1.2372475
17.0,16.204483,0.79551697
60.0,62.653927,2.6539268
37.0,27.592484,9.4075165
23.0,28.8088,5.8087997
14.0,10.5276575,3.4723425
25.0,27.577473,2.5774727
24.0,33.685707,9.685707
18.0,20.18346,2.1834602
76.0,76.98878,0.98877716
52.0,60.225796,8.225796
65.0,48.877563,16.122437
23.0,24.044048,1.0440483
35.0,27.9548,7.0452003
30.0,22.58091,7.4190903
62.0,55.800747,6.199253
31.0,37.882484,6.8824844
70.0,50.489925,19.510075
80.0,44.901394,35.098606
24.0,20.239906,3.7600937
27.0,26.463825,0.5361748
50.0,45.085705,4.914295
7.0,2.8157127,4.184287
32.0,24.518978,7.481022
16.0,23.908653,7.9086533
29.0,23.130486,5.8695145
35.0,21.069908,13.930092
28.0,27.349983,0.6500168
70.0,71.24184,1.2418365
29.0,43.815624,14.815624
42.0,42.297813,0.29781342
29.0,27.672321,1.3276787
38.0,32.162422,5.837578
36.0,50.274708,14.274708
21.0,19.602505,1.3974953
24.0,18.84377,5.156231
31.0,28.423191,2.576809
33.0,35.31157,2.3115692
34.0,27.29882,6.7011795
27.0,34.893925,7.8939247
23.0,22.596947,0.40305328
16.0,19.969196,3.9691963
27.0,26.190323,0.8096771
35.0,31.010479,3.989521
33.0,28.119438,4.880562
26.0,30.435959,4.435959
29.0,24.971722,4.0282784
59.0,34.277664,24.722336
10.0,11.011563,1.0115633
57.0,54.886524,2.1134758
1.0,2.2317152,1.2317152
27.0,29.853298,2.8532982
36.0,34.739822,1.2601776
7.0,3.8450232,3.1549768
40.0,73.08108,33.081078
35.0,27.386906,7.6130943
23.0,21.388607,1.611393
27.0,27.652508,0.6525078
4.0,3.6994958,0.3005042
21.0,17.054996,3.9450035
4.0,10.56819,6.5681896
28.0,30.117214,2.1172142
39.0,28.943687,10.056313
42.0,22.393162,19.606838
22.0,26.34225,4.342251
8.0,7.086001,0.9139991
21.0,27.21862,6.2186203
39.0,37.06246,1.9375381
26.0,28.04964,2.0496407
50.0,54.840782,4.840782
80.0,47.004543,32.995457
43.0,35.893856,7.106144
28.0,37.496746,9.496746
30.0,34.22823,4.2282295
60.0,54.414555,5.5854454
40.0,25.54168,14.458321
42.0,20.072952,21.927048
1.0,1.3807864,0.38078642
24.0,22.754837,1.245163
18.0,27.42472,9.424721
26.0,25.485832,0.5141678
27.0,49.65002,22.65002
25.0,24.097012,0.90298843
32.0,35.26995,3.2699509
26.0,21.73603,4.2639694
27.0,30.640026,3.640026
9.0,8.105719,0.8942814
26.0,26.580936,0.58093643
36.0,42.07609,6.076092
26.0,48.535355,22.535355
71.0,67.91084,3.089157
14.0,33.526775,19.526775
1.0,1.7257733,0.72577333
47.0,89.7443,42.7443
63.0,59.21593,3.784069
26.0,39.55027,13.55027
85.0,83.40604,1.5939636
26.0,30.987057,4.9870567
80.0,51.413055,28.586945
52.0,23.23631,28.76369
32.0,14.902318,17.097683
35.0,27.161839,7.8381615
21.0,27.577805,6.5778046
26.0,30.426273,4.4262733
50.0,32.137577,17.862423
46.0,36.98129,9.018711
26.0,32.068176,6.0681763
26.0,26.703499,0.70349884
33.0,35.2927,2.2927017
24.0,22.280724,1.7192764
19.0,35.520832,16.520832
33.0,30.376549,2.6234512
25.0,44.031204,19.031204
59.0,55.319286,3.6807137
85.0,49.332638,35.667362
8.0,16.612007,8.612007
85.0,51.677097,33.322903
47.0,35.457176,11.542824
50.0,57.869038,7.8690376
38.0,17.46281,20.53719
51.0,49.49603,1.5039711
62.0,50.15241,11.847591
1.0,2.0586615,1.0586615
50.0,35.554794,14.445206
1.0,2.1873581,1.1873581
26.0,22.915756,3.0842438
32.0,28.23816,3.7618408
53.0,43.310234,9.689766
29.0,33.005997,4.0059967
27.0,29.890263,2.8902626
40.0,59.60525,19.605251
29.0,21.770973,7.229027
68.0,44.807377,23.192623
25.0,25.456669,0.45666885
27.0,27.142708,0.14270782
43.0,22.198067,20.801933
1.0,1.2392781,0.23927808
26.0,23.863853,2.1361465
58.0,66.861404,8.861404
26.0,33.412186,7.4121857
62.0,51.779373,10.220627
35.0,42.61206,7.6120605
26.0,39.93662,13.936619
44.0,33.441425,10.558575
32.0,31.635231,0.36476898
21.0,30.667969,9.667969
35.0,40.017735,5.0177345
35.0,36.4736,1.4735985
26.0,28.721684,2.7216835
24.0,29.186047,5.1860466
8.0,15.123143,7.123143
56.0,54.89983,1.1001701
74.0,67.16914,6.8308563
26.0,25.118504,0.8814964
40.0,38.56722,1.4327812
28.0,32.06198,4.061981
35.0,36.322475,1.3224754
21.0,20.050205,0.94979477
17.0,12.745952,4.2540483
52.0,48.263783,3.7362175
26.0,29.168713,3.1687126
18.0,20.558956,2.5589561
21.0,21.88311,0.88311005
9.0,8.938828,0.06117153
41.0,29.792068,11.2079315
1.0,2.2905204,1.2905204
26.0,19.761799,6.238201
4.0,5.6405106,1.6405106
28.0,37.918922,9.918922
1.0,0.7236397,0.27636027
2.0,10.291544,8.291544
14.0,17.650385,3.650385
36.0,21.861004,14.138996
7.0,2.7481585,4.2518415
23.0,36.282635,13.282635
22.0,22.945602,0.9456024
40.0,33.061737,6.938263
2.0,0.9024875,1.0975125
45.0,23.620953,21.379047
30.0,11.079296,18.920704
26.0,28.925095,2.9250946
10.0,15.914767,5.9147673
1.0,1.3878098,0.38780975
26.0,38.73103,12.7310295
80.0,70.89382,9.106178
30.0,24.689983,5.3100166
35.0,48.14372,13.143719
65.0,44.799747,20.200253
1.0,1.185401,0.18540096
35.0,23.657314,11.342686
48.0,33.284973,14.715027
1.0,2.2697968,1.2697968
45.0,37.095905,7.9040947
28.0,57.696423,29.696423
28.0,34.746067,6.746067
1.0,1.6069236,0.6069236
55.0,57.36735,2.3673515
16.0,21.387142,5.387142
15.0,21.797081,6.797081
32.0,37.02891,5.0289116
40.0,48.27479,8.274792
65.0,42.02255,22.977451
16.0,11.270336,4.729664
2.0,1.129693,0.87030697
72.0,57.165314,14.834686
49.0,54.137577,5.137577
23.0,25.616096,2.6160965
32.0,33.96075,1.9607506
26.0,28.733364,2.733364
38.0,40.089962,2.089962
25.0,15.229542,9.770458
51.0,38.449177,12.550823
30.0,42.080883,12.080883
61.0,54.319572,6.6804276
15.0,25.470863,10.470863
4.0,12.856018,8.856018
58.0,49.022243,8.9777565
5.0,5.375673,0.37567282
25.0,32.42695,7.4269485
47.0,49.3568,2.3568
39.0,36.713177,2.2868233
36.0,22.923965,13.076035
38.0,54.764416,16.764416
26.0,16.99668,9.003321
35.0,25.060379,9.939621
7.0,11.44165,4.4416504
24.0,27.970707,3.970707
14.0,18.968142,4.9681416
32.0,40.952137,8.952137
35.0,36.29244,1.2924385
58.0,36.950306,21.049694
27.0,37.490902,10.490902
53.0,57.31937,4.3193703
25.0,29.214241,4.214241
30.0,31.291615,1.2916145
43.0,41.897934,1.102066
60.0,27.306244,32.693756
20.0,31.86898,11.86898
29.0,26.522533,2.4774666
2.0,5.402635,3.402635
26.0,26.75122,0.7512207
23.0,24.483559,1.4835587
26.0,23.749908,2.2500916
16.0,30.582172,14.582172
65.0,53.490063,11.509937
1.0,2.1498199,1.1498199
66.0,63.12101,2.8789902
30.0,21.10291,8.897091
51.0,74.038826,23.038826
18.0,18.129738,0.12973785
38.0,37.846336,0.15366364
32.0,30.574696,1.4253044
33.0,39.48187,6.4818687
14.0,10.907708,3.0922918
32.0,40.22367,8.223671
26.0,27.229355,1.2293549
78.0,55.944363,22.055637
32.0,59.74251,27.742512
20.0,21.02346,1.0234604
24.0,12.771344,11.228656
26.0,31.454094,5.454094
26.0,39.894268,13.894268
1.0,9.273003,8.273003
65.0,65.37684,0.37683868
22.0,18.464462,3.5355377
14.0,35.435333,21.435333
16.0,20.231133,4.2311325
32.0,32.190525,0.19052505
24.0,25.265652,1.2656517
40.0,34.018383,5.981617
20.0,21.2518,1.2518005
26.0,27.346401,1.3464012
18.0,16.541058,1.4589424
43.0,26.520336,16.479664
24.0,26.774246,2.7742462
26.0,29.57061,3.57061
23.0,28.17226,5.1722603
26.0,29.789173,3.7891731
27.0,24.087906,2.912094
35.0,28.923897,6.076103
35.0,29.748596,5.251404
27.0,23.56815,3.4318504
42.0,35.9393,6.0606995
23.0,24.203896,1.2038956
47.0,30.877491,16.122509
49.0,22.484333,26.515667
41.0,29.331474,11.668526
30.0,28.297222,1.7027779
27.0,19.450993,7.5490074
10.0,12.170781,2.1707811
5.0,6.4979568,1.4979568
25.0,25.68723,0.68722916
4.0,10.023463,6.0234632
26.0,23.67308,2.3269196
1.0,2.1212735,1.1212735
51.0,32.397274,18.602726
8.0,7.4558077,0.5441923
42.0,31.066265,10.933735
26.0,27.2976,1.2975998
34.0,33.79674,0.20325851
27.0,33.10604,6.106041
35.0,23.961952,11.038048
28.0,45.203026,17.203026
90.0,87.65475,2.345253
59.0,26.544563,32.455437
86.0,60.479416,25.520584
57.0,69.16458,12.164581
2.0,25.800854,23.800854
37.0,19.739098,17.260902
4.0,4.566217,0.56621695
48.0,37.302624,10.697376
54.0,22.652657,31.347343
13.0,18.635204,5.6352043
45.0,35.67844,9.32156
28.0,36.18852,8.188519
20.0,34.88988,14.889881
41.0,42.180576,1.1805763
17.0,24.886116,7.886116
61.0,55.42615,5.5738487
9.0,11.71,2.71
24.0,19.381382,4.618618
29.0,35.89664,6.896641
26.0,20.552723,5.447277
1.0,0.14817095,0.85182905
29.0,34.95704,5.957039
29.0,26.633175,2.366825
27.0,24.679787,2.3202133
26.0,22.377155,3.6228447
50.0,54.634583,4.6345825
73.0,24.132324,48.867676
54.0,64.72377,10.72377
13.0,24.62247,11.622471
54.0,57.4352,3.4351997
2.0,1.781945,0.21805501
38.0,37.91779,0.08221054
24.0,29.127323,5.127323
75.0,89.17853,14.178528
25.0,28.031803,3.0318031
70.0,52.42117,17.57883
14.0,12.418323,1.5816774
24.0,29.124638,5.1246376
30.0,32.731586,2.7315865
3.0,1.846456,1.153544
30.0,25.107903,4.8920975
8.0,8.751745,0.7517452
34.0,36.929523,2.9295235
85.0,85.26148,0.26148224
26.0,35.662193,9.662193
34.0,48.596767,14.596767
60.0,52.150883,7.8491173
41.0,27.298702,13.701298
26.0,27.008945,1.0089455
26.0,23.491951,2.508049
26.0,35.06614,9.066139
9.0,14.183702,5.1837025
22.0,20.003414,1.9965858
4.0,5.412109,1.4121089
28.0,45.214794,17.214794
36.0,37.548367,1.5483665
34.0,40.599476,6.599476
29.0,19.9231,9.0769005
61.0,79.507996,18.507996
5.0,11.034439,6.034439
8.0,6.1415277,1.8584723
77.0,56.108746,20.891254
43.0,30.76056,12.239441
79.0,57.938675,21.061325
63.0,51.69993,11.300072
1.0,0.8486159,0.15138412
32.0,28.753296,3.246704
24.0,26.415585,2.4155846
3.0,5.857135,2.8571348
54.0,53.918926,0.08107376
37.0,42.273792,5.2737923
26.0,13.796387,12.203613
2.0,3.7311525,1.7311525
37.0,24.072262,12.927738
32.0,49.100224,17.100224
58.0,76.56878,18.568779
40.0,49.664913,9.664913
45.0,47.837666,2.8376656
61.0,33.692398,27.307602
1.0,4.303023,3.3030229
56.0,43.759666,12.240334
1.0,1.376718,0.37671804
5.0,9.949575,4.9495754
28.0,27.194588,0.8054123
30.0,16.180399,13.819601
31.0,50.004597,19.004597
18.0,13.156512,4.8434877
27.0,36.319378,9.319378
58.0,67.051765,9.051765
32.0,40.700184,8.700184
23.0,23.392326,0.39232635
3.0,30.8154,27.8154
9.0,12.948466,3.9484663
14.0,24.64502,10.64502
32.0,21.57206,10.42794
50.0,53.39264,3.3926392
34.0,30.064777,3.9352226
85.0,44.855373,40.144627
39.0,31.08945,7.910549
38.0,44.33289,6.3328896
45.0,53.504482,8.504482
30.0,20.507748,9.492252
34.0,28.846386,5.153614
29.0,24.987717,4.0122833
7.0,22.070934,15.070934
52.0,50.682285,1.3177147
26.0,23.859016,2.1409836
27.0,45.87787,18.877869
1.0,1.137042,0.13704205
14.0,44.95365,30.953651
50.0,39.87793,10.12207
35.0,28.063736,6.936264
23.0,23.5425,0.54249954
35.0,26.024387,8.975613
33.0,25.174839,7.825161
61.0,44.774513,16.225487
2.0,9.073854,7.0738544
1.0,1.1465971,0.14659715
26.0,30.88659,4.886589
1.0,1.6107829,0.61078286
31.0,39.75971,8.759708
1.0,17.194798,16.194798
2.0,6.6263933,4.6263933
49.0,42.251358,6.748642
1.0,7.345622,6.345622
3.0,3.1553352,0.15533519
29.0,35.49484,6.4948387
26.0,27.829376,1.8293762
4.0,19.08575,15.085751
43.0,45.612347,2.6123466
16.0,37.870037,21.870037
30.0,24.396503,5.6034966
28.0,61.242085,33.242085
52.0,63.507595,11.507595
4.0,8.571288,4.571288
2.0,0.5404551,1.4595449
31.0,25.715645,5.284355
21.0,24.326813,3.3268127
54.0,35.155136,18.844864
44.0,78.14518,34.14518
26.0,24.554005,1.4459953
40.0,36.584305,3.4156952
40.0,44.139034,4.1390343
25.0,23.673481,1.326519
32.0,29.543133,2.4568672
4.0,4.2894816,0.28948164
37.0,38.30177,1.3017693
2.0,3.5726876,1.5726876
67.0,60.442085,6.5579147
36.0,39.246826,3.2468262
53.0,46.750977,6.2490234
39.0,42.597336,3.5973358
1.0,0.2444539,0.7555461
35.0,37.577984,2.5779839
60.0,59.52284,0.4771614
50.0,44.34799,5.652012
58.0,56.97117,1.0288315
1.0,2.5454233,1.5454233
29.0,24.752571,4.247429
41.0,48.268017,7.268017
21.0,16.07993,4.9200706
27.0,36.870293,9.870293
40.0,32.397827,7.602173
36.0,39.18623,3.1862297
14.0,15.094544,1.0945444
77.0,34.391632,42.608368
54.0,41.496716,12.503284
30.0,36.059387,6.059387
27.0,24.251053,2.7489471
50.0,36.432957,13.567043
28.0,37.796745,9.796745
50.0,22.799454,27.200546
50.0,34.4281,15.571899
60.0,47.301376,12.698624
35.0,76.66556,41.665558
48.0,37.282284,10.717716
26.0,18.186096,7.813904
54.0,73.03787,19.037872
1.0,4.3429184,3.3429184
24.0,9.491487,14.508513
16.0,16.90718,0.9071808
40.0,30.794884,9.205116
72.0,62.02505,9.974949
30.0,30.864086,0.86408615
13.0,25.443604,12.4436035
29.0,26.099926,2.900074
18.0,28.783066,10.783066
46.0,41.153835,4.8461647
1.0,1.912944,0.91294396
30.0,23.600475,6.3995247
31.0,29.825172,1.1748276
28.0,9.686584,18.313416
28.0,28.171131,0.17113113
52.0,32.784843,19.215157
90.0,45.586155,44.413845
42.0,21.764977,20.235023
50.0,49.41067,0.58932877
62.0,60.858826,1.1411743
20.0,25.55027,5.55027
26.0,28.524796,2.5247955
26.0,32.64232,6.6423187
3.0,1.1103675,1.8896325
1.0,17.620981,16.620981
1.0,1.7730627,0.7730627
30.0,29.020908,0.97909164
5.0,27.71957,22.71957
29.0,26.65657,2.3434296
16.0,27.265862,11.2658615
24.0,24.705692,0.7056923
3.0,1.8850343,1.1149657
22.0,30.130367,8.130367
44.0,38.3998,5.6002007
53.0,34.752586,18.247414
1.0,0.8609228,0.13907719
25.0,18.716232,6.2837677
85.0,70.58743,14.412567
1.0,1.3079174,0.30791736
75.0,66.08724,8.912758
33.0,29.413109,3.5868912
29.0,22.257423,6.7425766
35.0,20.422722,14.577278
27.0,33.709877,6.709877
56.0,69.95111,13.951111
2.0,3.8489494,1.8489494
27.0,27.453728,0.45372772
46.0,55.18464,9.184639
30.0,23.595692,6.4043083
68.0,60.4528,7.5471992
1.0,1.0794957,0.07949567
31.0,29.870064,1.1299362
13.0,14.592707,1.5927067
23.0,39.89514,16.895142
75.0,86.920296,11.920296
28.0,24.238747,3.7612534
37.0,45.05979,8.059792
32.0,28.95163,3.0483704
35.0,20.248573,14.751427
14.0,7.06828,6.93172
65.0,34.90395,30.09605
7.0,3.8283367,3.1716633
43.0,44.57367,1.5736694
59.0,54.401283,4.5987167
39.0,32.07548,6.9245186
58.0,49.598545,8.401455
14.0,25.563118,11.563118
39.0,33.565067,5.4349327
45.0,55.8145,10.814499
26.0,20.485668,5.514332
26.0,46.555866,20.555866
38.0,39.48966,1.4896584
60.0,45.978638,14.021362
2.0,5.0733232,3.0733232
26.0,39.552494,13.552494
25.0,18.961876,6.038124
35.0,47.54065,12.540649
21.0,26.04113,5.04113
40.0,54.82481,14.82481
26.0,28.146793,2.1467934
26.0,26.267094,0.26709366
50.0,50.654915,0.65491486
25.0,23.266785,1.7332153
31.0,39.385468,8.385468
24.0,22.582115,1.4178848
17.0,23.187641,6.187641
56.0,39.454365,16.545635
37.0,30.853191,6.1468086
2.0,1.9108057,0.0891943
26.0,26.605305,0.6053047
55.0,41.351826,13.648174
65.0,41.40097,23.59903
46.0,40.239727,5.760273
24.0,26.76575,2.765751
59.0,39.113422,19.886578
2.0,5.0040994,3.0040994
26.0,32.33934,6.33934
4.0,9.467815,5.4678154
48.0,18.320303,29.679697
52.0,30.898605,21.101395
26.0,26.589539,0.5895386
37.0,31.389595,5.610405
59.0,42.886177,16.113823
10.0,15.104354,5.104354
24.0,24.375343,0.37534332
49.0,26.72414,22.27586
1.0,1.4770498,0.47704983
40.0,28.133324,11.866676
53.0,18.856274,34.143726
39.0,46.13289,7.132889
50.0,41.764988,8.235012
67.0,66.79389,0.2061081
23.0,29.505527,6.5055275
54.0,43.869476,10.130524
22.0,29.016014,7.016014
57.0,25.904415,31.095585
33.0,25.756763,7.2432365
48.0,30.823387,17.176613
2.0,1.2510746,0.74892545
32.0,22.571335,9.428665
4.0,4.3949304,0.39493036
48.0,52.479923,4.4799232
24.0,34.077263,10.077263
58.0,61.88727,3.887272
38.0,65.345184,27.345184
36.0,32.77994,3.2200584
29.0,24.836708,4.163292
37.0,39.496113,2.4961128
54.0,21.88332,32.11668
26.0,32.61884,6.6188393
53.0,48.9184,4.0816
52.0,46.594013,5.405987
23.0,21.41167,1.5883293
40.0,41.4363,1.4362984
62.0,55.719177,6.2808228
62.0,16.18114,45.81886
20.0,25.357708,5.357708
35.0,45.536747,10.536747
20.0,30.36016,10.360161
52.0,52.923496,0.92349625
30.0,23.36761,6.632389
24.0,25.260101,1.2601013
65.0,46.03998,18.960018
34.0,24.050762,9.949238
22.0,25.013554,3.0135536
19.0,37.165478,18.165478
31.0,29.475895,1.5241051
17.0,25.45781,8.457809
32.0,24.668121,7.3318787
35.0,31.664936,3.335064
26.0,20.729137,5.2708626
78.0,59.767628,18.232372
7.0,4.056997,2.9430032
61.0,41.036777,19.963223
28.0,20.882305,7.117695
8.0,9.818918,1.8189182
16.0,16.761608,0.7616081
26.0,30.893845,4.8938446
50.0,53.460056,3.4600563
26.0,24.726517,1.2734833
30.0,39.68431,9.684311
24.0,45.342644,21.342644
22.0,28.158867,6.158867
12.0,20.314018,8.314018
26.0,21.95599,4.04401
22.0,20.1167,1.8833008
37.0,30.376324,6.6236763
25.0,31.633549,6.6335487
35.0,25.071281,9.928719
32.0,32.158764,0.15876389
31.0,32.940712,1.940712
26.0,20.505234,5.494766
45.0,29.152508,15.847492
30.0,41.95877,11.958771
58.0,46.01191,11.9880905
25.0,26.723145,1.7231445
18.0,29.43248,11.43248
47.0,52.667896,5.6678963
35.0,33.640873,1.359127
49.0,24.477654,24.522346
38.0,29.24456,8.75544
26.0,33.03036,7.030361
67.0,49.719822,17.280178
12.0,19.172863,7.172863
18.0,44.4165,26.4165
40.0,30.28777,9.712231
23.0,30.254108,7.2541084
89.0,61.033752,27.966248
12.0,17.028965,5.028965
22.0,30.701935,8.701935
27.0,25.964706,1.0352936
31.0,29.230743,1.7692566
62.0,42.035713,19.964287
54.0,59.76868,5.7686806
36.0,37.63374,1.6337395
7.0,7.425044,0.42504406
11.0,5.906083,5.093917
28.0,26.651848,1.3481522
45.0,33.22951,11.770489
6.0,1.2278872,4.772113
38.0,27.646858,10.353142
28.0,32.71218,4.712181
74.0,65.79309,8.206909
26.0,40.283863,14.283863
20.0,30.86028,10.860279
1.0,4.5845423,3.5845423
26.0,24.593918,1.4060822
36.0,34.866276,1.1337242
16.0,16.727373,0.7273731
20.0,23.968342,3.9683418
48.0,48.25752,0.25751877
4.0,12.61951,8.61951
25.0,53.66041,28.660412
3.0,2.5029302,0.49706984
55.0,43.963375,11.036625
1.0,1.7150038,0.71500385
26.0,21.176044,4.8239555
15.0,37.415283,22.415283
22.0,21.035923,0.964077
41.0,25.430046,15.569954
5.0,2.5578718,2.4421282
31.0,20.59032,10.409679
20.0,42.339504,22.339504
18.0,23.062695,5.0626945
38.0,19.458128,18.541872
28.0,22.298893,5.701107
24.0,22.603779,1.3962212
20.0,24.567768,4.567768
26.0,22.699623,3.300377
26.0,26.889545,0.88954544
5.0,7.629741,2.6297412
60.0,51.788746,8.211254
22.0,20.448719,1.551281
58.0,33.234344,24.765656
17.0,15.12242,1.8775797
30.0,32.745754,2.7457542
2.0,2.7170556,0.71705556
28.0,23.648933,4.3510666
32.0,28.998848,3.001152
1.0,1.9915029,0.9915029
20.0,21.98085,1.9808502
27.0,47.17667,20.17667
61.0,65.56316,4.5631638
45.0,28.159046,16.840954
26.0,31.987518,5.9875183
8.0,14.597864,6.597864
27.0,19.696423,7.3035774
28.0,18.274559,9.725441
30.0,31.879108,1.8791084
34.0,25.500935,8.499065
56.0,26.37426,29.62574
11.0,14.893571,3.893571
59.0,44.247482,14.752518
11.0,12.800483,1.8004827
28.0,34.48782,6.4878197
35.0,45.821774,10.821774
70.0,71.90589,1.9058914
3.0,2.1936717,0.8063283
4.0,4.1942744,0.19427443
55.0,35.01719,19.982811
26.0,27.348793,1.348793
43.0,31.366589,11.633411
51.0,46.968018,4.0319824
45.0,30.368004,14.631996
51.0,33.17737,17.822632
24.0,36.70997,12.709969
20.0,23.33981,3.3398094
7.0,1.5237291,5.4762707
26.0,14.1673975,11.8326025
26.0,21.17202,4.82798
22.0,31.93502,9.93502
26.0,26.414398,0.4143982
32.0,48.738056,16.738056
26.0,24.038235,1.9617653
26.0,18.74678,7.2532196
26.0,32.97746,6.977459
32.0,29.695744,2.3042564
3.0,11.146893,8.146893
44.0,45.031925,1.0319252
28.0,46.110596,18.110596
36.0,46.97388,10.973881
46.0,48.054913,2.0549126
9.0,12.559992,3.5599918
65.0,76.023125,11.023125
29.0,35.56368,6.5636787
16.0,13.585744,2.414256
28.0,40.17728,12.17728
63.0,51.033253,11.966747
55.0,31.1706,23.8294
71.0,27.736404,43.263596
29.0,29.688534,0.6885338
20.0,23.491947,3.4919472
26.0,36.81158,10.811581
30.0,31.709045,1.7090454
62.0,92.65719,30.657188
59.0,46.95382,12.046181
29.0,29.111908,0.11190796
4.0,3.459055,0.54094505
40.0,34.31687,5.6831284
38.0,34.04523,3.9547691
28.0,35.800224,7.8002243
82.0,86.06025,4.0602493
14.0,15.771333,1.7713327
36.0,22.919933,13.080067
6.0,25.84489,19.84489
17.0,17.809502,0.80950165
43.0,37.658085,5.341915
35.0,28.952202,6.047798
28.0,32.618572,4.618572
88.0,74.16824,13.831757
90.0,18.90001,71.09999
93.0,91.790825,1.2091751
28.0,31.597733,3.5977325
26.0,40.963074,14.963074
10.0,28.080353,18.080353
35.0,19.802616,15.197384
62.0,70.513756,8.513756
40.0,34.09326,5.9067383
21.0,26.318237,5.3182373
26.0,27.133171,1.1331711
21.0,27.967693,6.9676933
23.0,31.42379,8.42379
41.0,33.89116,7.108841
51.0,35.37072,15.62928
42.0,42.452637,0.45263672
26.0,24.500206,1.499794
32.0,23.018047,8.981953
26.0,72.59632,46.59632
1.0,1.5666986,0.56669855
1.0,1.6439459,0.64394593
27.0,28.871456,1.8714561
90.0,65.82913,24.170868
21.0,24.35645,3.3564491
30.0,42.65669,12.656689
46.0,73.78274,27.782738
